Age,Income,Spending Score,Product Preference,Region
64,5642.245556604636,1.090882470271689,Groceries,South
67,4613.546644633847,2.129675002962779,Electronics,North
20,606.5498481470124,6.654109783327698,Clothing,South
23,-375.9945463693956,,Sports,West
23,1183.498125233443,5.014095733487091,Clothing,South
59,3942.331046584887,6.102910175596664,Groceries,West
29,-813.5912264708202,,Groceries,North
39,135.56988077424535,-2.2735815033408966,Sports,South
41,2125.631642686028,-4.589761222562165,Sports,North
56,2289.2382625184946,-2.4561254801323984,Electronics,East
43,2742.2763577139776,-9.472243541894937,Home & Living,West
26,1062.7611646956432,1.9767669296082944,Electronics,East
44,1930.8657281408007,-6.2233973669394995,Sports,West
44,1005.8600051537579,-12.76530993832719,Electronics,North
32,-470.0735185581336,,Clothing,South
21,909.7392683295909,4.499828729515842,Groceries,West
58,3586.3341488355913,-2.08161443013811,Groceries,North
59,3276.353513977023,-3.7869244168093954,Electronics,West
43,1802.5564769803639,-7.236512302186835,Home & Living,East
66,3658.116258296625,-1.4232422101866957,Sports,West
44,1823.298351478624,-12.086779129907486,Groceries,East
37,360.7351547924111,-2.4331391483154112,Electronics,North
57,3196.0662154592574,0.35233213747036807,Sports,North
45,2358.0057419060395,-2.216324459455672,Groceries,North
33,440.01823709892403,-5.790867610556564,Electronics,South
28,-759.0564337117617,,Sports,North
29,2500.4603348294586,6.964783093298381,Home & Living,North
40,629.9077777155823,-0.28485299020743415,Electronics,West
36,2588.3349627068665,-9.390017784571873,Electronics,South
25,-313.76190711798245,,Electronics,West
35,12.467096825220779,5.482223845892797,Groceries,South
67,6162.647478722968,-4.192489584750006,Home & Living,West
20,2375.391784243867,2.3321273529637114,Home & Living,East
38,266.9879460360878,5.454518380073511,Electronics,East
55,4311.128711373221,-2.523139609758538,Electronics,North
44,2807.773490440607,-3.103109930257413,Home & Living,East
69,3775.0400365023597,15.778259776746602,Sports,East
49,2494.459464967784,-9.207880173673425,Electronics,South
39,-98.64134558458682,,Home & Living,West
39,-104.42608811006926,,Groceries,South
34,641.5545020822819,9.797494159118854,Home & Living,South
59,3793.7870723949413,-14.906744370601945,Sports,East
52,4268.512604607497,-4.345225679402609,Electronics,South
21,1259.43550389451,-1.0569478499378722,Home & Living,West
29,1243.1498155649126,5.089150734585366,Clothing,East
52,2822.0555583263076,-15.650209217687367,Electronics,South
51,2636.4427721392335,-8.938069539533451,Electronics,East
30,422.09890432506893,-0.7421521500295571,Clothing,South
43,2472.6931703406963,-15.282479521318422,Electronics,East
55,555.4769157850033,-13.671008982083709,Groceries,East
31,-188.1237552468108,,Groceries,West
48,1803.0292139380188,-9.451874785881145,Sports,West
54,2930.759478369082,-7.614060123167725,Sports,South
20,8.94942091669327,-6.563430863062621,Home & Living,South
20,11.580422030107457,1.3232603119550421,Home & Living,South
56,4186.141956931804,3.5517186247437547,Groceries,North
25,592.9306127854869,1.2123457182212474,Electronics,North
58,3316.2661344294606,-8.927694069509322,Clothing,West
60,3322.6570508978944,3.3050736746674634,Groceries,West
37,896.8637319955596,-2.378988981301223,Sports,South
35,1039.670363306702,-8.909765737441361,Sports,South
24,771.4202257598715,0.3124424591215025,Sports,North
61,5209.382937095485,4.2072807874123175,Clothing,West
62,4168.843566991509,-10.390404741571306,Sports,South
51,1412.8576765866587,-4.734322747084093,Sports,South
21,291.58571776015236,2.384753977134685,Home & Living,West
21,137.6710848947339,7.260116375818927,Electronics,West
59,2121.3029607250064,0.5388282140145,Electronics,North
61,1582.9826506424233,0.6576645847242502,Clothing,East
55,3425.9370988317664,-5.588177318346348,Sports,North
58,4070.8423887663375,3.9228229895213844,Home & Living,West
31,1753.6077847280872,-7.61684759674754,Electronics,West
66,4122.576918104346,1.908814064583889,Clothing,South
38,2303.7453137817033,-8.053524204539418,Home & Living,South
47,2575.2805351447146,-12.524269284804513,Sports,West
20,1126.4231606096207,10.36806841345812,Clothing,East
34,1173.9384551894686,-1.053855258833565,Home & Living,South
55,739.5200880758748,-2.8735553430279785,Electronics,South
32,-454.84512760156326,,Groceries,North
62,2490.800058750624,-4.457997133208117,Electronics,North
40,1571.0544717150071,-1.382799261477734,Groceries,South
31,-756.432471456063,,Clothing,South
24,-576.9092571657279,,Home & Living,South
26,1617.0308109846885,12.036950024778848,Home & Living,South
24,-452.52693114277645,,Home & Living,West
67,4554.535809805549,-1.1562652708130865,Sports,East
23,939.4702904373707,10.496532443372441,Electronics,North
32,-144.93035566467393,,Groceries,North
56,1221.5923740895687,0.21202233971933904,Sports,South
60,3673.2355691579546,0.022396006968131932,Clothing,South
34,1905.6881329926114,-14.304876307937118,Clothing,West
35,1311.1383001966578,-2.835710772747346,Sports,South
40,-137.2349271910923,,Groceries,North
55,3179.9337774408827,-7.621824201525849,Clothing,South
43,1542.9001609106945,-10.173618360388481,Electronics,West
35,2126.940817231444,5.365867542450559,Clothing,South
33,1921.378766419909,9.237107020427974,Groceries,East
41,1259.294121553146,-4.677920996804392,Electronics,West
68,2372.9717075519325,8.20934217678496,Sports,North
69,3075.2758892160314,-3.6956926564776413,Groceries,East
25,1420.7061561774622,14.0772589119303,Electronics,West
61,3378.4154706730687,-2.1571425823656227,Electronics,South
55,3393.466907403921,-5.977416350766293,Electronics,East
20,302.5699602144008,11.875671106901398,Groceries,East
51,3239.873498286155,0.4308680612770841,Home & Living,North
25,1686.3866834047249,6.920903116213994,Clothing,East
50,1726.413230023703,-1.9201014413622497,Home & Living,South
20,-296.01543760055915,,Clothing,West
69,4348.643560013038,-1.5308635146629568,Groceries,South
56,1325.6930297248462,-12.728976825623551,Clothing,West
54,4446.826797754252,-9.940549685946612,Groceries,South
68,4590.74890678947,-1.790631387543562,Electronics,South
49,2329.0179622005858,-8.080506633223312,Sports,North
23,597.6529782957549,5.769036932501798,Home & Living,South
54,4081.5695952631563,-3.9632931259321853,Home & Living,North
62,3595.5040376931465,-8.201920739079545,Groceries,West
33,609.5170743027429,-1.939428003000621,Clothing,West
68,3782.5433286993066,-4.362565929036439,Clothing,North
59,3346.6537507362036,-5.484728250616864,Sports,North
41,923.7503284763367,-2.5511793477213995,Electronics,South
29,1004.3898013469149,11.253910636246772,Clothing,West
20,-539.8054337410057,,Clothing,North
30,1456.3441573532295,3.1923484989753126,Electronics,West
63,2506.8296827278255,0.3396386059111254,Sports,East
43,1684.7455591147789,-1.0973522659389596,Clothing,East
22,1140.6366768715466,9.98405623120506,Groceries,West
54,2114.798957013677,-6.327649560452024,Electronics,South
55,2197.4146623629767,-3.189459460344403,Clothing,East
50,1925.1709571983574,-9.250346205358497,Sports,East
23,508.24841545225587,4.014546538838194,Home & Living,East
38,295.1104760112132,-6.3166688309104435,Groceries,East
66,6106.390660285517,-0.6904788515705036,Groceries,North
55,4211.418317707881,-3.0318156256587776,Groceries,East
40,1129.8527586656205,-8.869221482022013,Groceries,West
37,2128.8237155704783,6.056399634644507,Home & Living,South
47,1926.005650984205,-5.397549634930444,Home & Living,South
34,500.0058201161396,-4.301138189787128,Home & Living,East
61,4963.128495006458,1.6785549783475513,Home & Living,East
21,-1027.5564611061611,,Sports,East
56,3981.0670529706094,-10.24296179300854,Clothing,West
30,315.8095289110855,-1.0121480668358491,Home & Living,East
42,1233.9976314642572,-6.620309820581298,Home & Living,East
63,5456.60980966624,4.450868828543574,Sports,North
60,3011.745182674342,-2.9243362140944518,Electronics,South
31,-439.26190715170196,,Sports,South
22,3541.3243336277283,1.9285752397300397,Electronics,North
36,1621.540030668797,-7.230036696560965,Groceries,West
52,3089.129741431666,-8.432440825335515,Sports,West
20,744.0415639850181,9.439488548790948,Groceries,North
58,2254.6849824684905,1.1520825171207476,Electronics,West
39,1863.0575127692043,-3.4710303783667276,Sports,North
66,3779.112876512975,-0.36927058290768633,Electronics,South
62,4976.7412206769095,-3.363213581315653,Electronics,West
60,4099.166204471552,-4.756502650632701,Groceries,West
33,1949.161982693467,3.6923407983315872,Electronics,South
50,2457.256677223024,-10.266187326177494,Clothing,East
44,1860.8228531865018,-10.193293371544279,Home & Living,West
22,320.4230328790776,4.930894294495888,Sports,North
23,-97.97990810613794,,Groceries,South
50,4146.505799672836,-9.895331404975966,Home & Living,South
54,2802.7245580592207,5.748313159459497,Groceries,East
63,5307.448049793088,6.43728688132162,Clothing,West
33,1434.7909615293302,1.569176632115968,Home & Living,East
68,5190.636928363763,2.077506300853473,Sports,South
60,1840.1727802894898,6.560442643461807,Electronics,North
28,-471.96928062258917,,Electronics,West
39,2520.3279716932707,-5.624442785198881,Home & Living,West
51,2641.168198015514,-5.701035340648233,Groceries,East
28,1292.4739889157304,2.8282698649543265,Sports,South
46,2351.3336688215622,-9.926474830246061,Electronics,East
22,-370.5048716935619,,Home & Living,North
23,1085.7761325428703,1.131288712434479,Home & Living,South
64,2951.193433268406,-3.787384931564168,Clothing,West
34,1103.5412948773978,-7.560788646888718,Sports,North
52,3258.6472594825564,-4.662218666669726,Sports,East
24,397.08251351667474,12.263788569795661,Groceries,North
23,325.4896433243141,7.0346044106926255,Groceries,North
65,4621.6926017937185,4.194673191480349,Home & Living,East
31,2006.0830043467831,-1.1065999148006422,Clothing,North
42,91.57136591315361,1.7699068091926287,Home & Living,South
33,1657.4662125584628,2.546236591096756,Groceries,West
65,3855.083926181658,1.0900831779970876,Electronics,East
31,1910.62021744947,-2.725933779937798,Clothing,North
36,1276.7016252006588,-1.9930635922023594,Sports,North
44,2075.8992466831314,-17.797553813085692,Electronics,East
49,1054.2687013050538,-3.7547224930529777,Electronics,North
41,481.2528259006194,2.382030828693476,Sports,South
66,3219.8644627222475,6.247594707022735,Home & Living,West
45,-57.12974899243045,,Clothing,East
36,-356.7919548642417,,Electronics,West
39,2204.3840352027946,-1.3373984488630137,Home & Living,South
53,2574.0753451241812,-8.86469163851554,Sports,South
60,4520.402706924306,0.8311866826793102,Home & Living,West
52,3641.379898271797,3.631892326650819,Electronics,South
56,3757.7408534845385,-4.672448167122547,Clothing,East
26,-1004.8693707953998,,Clothing,East
41,2342.2177469029816,-4.156317347486814,Sports,South
51,3225.50747897932,-6.845345949353312,Home & Living,East
33,2278.9166677183866,1.0050722132345988,Groceries,South
27,46.038012923762494,2.0506490941959963,Clothing,South
44,1282.87349425451,-6.279084530104315,Groceries,North
35,1654.7666495194308,-0.9646096979045706,Home & Living,West
61,3547.728028818102,-17.59969318178151,Home & Living,West
38,2524.6012502110916,-1.9921946207185837,Groceries,South
60,707.2057042755982,-5.582366716351505,Sports,East
35,463.59866844536987,3.8524109591223836,Groceries,South
31,2936.137840318273,6.530935670033047,Electronics,South
58,4469.934118964825,4.335653935938712,Groceries,North
67,5602.198356191171,6.692297620883075,Groceries,West
49,2395.475006274081,-19.211518951302402,Sports,South
21,-858.4716148991465,,Electronics,South
51,4284.922458165214,-6.890772297293633,Home & Living,North
64,5378.372418597486,10.488669878513601,Electronics,North
44,1592.309776255552,-0.7424013219436043,Groceries,West
44,778.6168803290777,0.719943962073744,Home & Living,East
23,-79.91700962987579,,Sports,West
38,441.8167792953054,-4.2500158041894975,Home & Living,South
67,3977.9914783028466,0.38833345100721406,Sports,South
23,-1442.6117648223003,,Groceries,North
62,4836.744768448669,-5.243933680262008,Electronics,East
32,2235.6984588742193,2.1930845504167693,Electronics,South
58,2621.7307123291666,2.562273845847358,Electronics,West
55,4123.546670394895,-7.04259488893869,Electronics,West
42,469.1786666503076,-5.506848106058826,Electronics,South
25,-1676.056652687339,,Clothing,North
43,4500.813141226612,-7.495921909517035,Groceries,North
63,4093.0112779153965,0.9890135943620741,Electronics,North
52,3614.395828820149,-3.121839497592676,Electronics,South
31,1506.1700448192728,-4.990774650512343,Sports,South
60,4389.9648134412055,-8.461081732486988,Groceries,East
40,1799.339378722232,-5.771392132282041,Sports,North
30,760.0050654009078,5.711874434811811,Electronics,North
63,3855.9340945250538,-1.7565194568690812,Groceries,West
57,2939.4072358591366,-7.1771120252597385,Groceries,North
48,2246.8152998078463,-10.827300795451764,Groceries,South
67,3551.3382411552934,1.448520858444524,Home & Living,East
60,3036.6899616278633,1.9838963030584984,Clothing,East
22,1377.2634265562456,5.469041514078701,Clothing,North
47,1768.8887050979758,-10.176642419155112,Electronics,South
39,615.8871070488989,-3.35332630073981,Clothing,North
45,1700.4335176494928,-1.0562971278241875,Groceries,North
43,2132.2881784679007,-10.106699904289739,Home & Living,East
66,3558.075375905166,2.078869052161796,Clothing,East
40,3166.7289421131354,-4.153664346659062,Clothing,South
49,3520.459912299696,-4.34153519211607,Home & Living,West
23,-439.579604078534,,Sports,West
55,4258.2287289367305,-7.048376406718166,Electronics,North
59,2592.9283651438027,-5.6891333072953225,Groceries,North
29,295.9153273882515,3.7614715898419253,Home & Living,South
29,1449.5290413293737,5.940758511239386,Sports,North
61,2854.210431748401,0.9779073693809881,Electronics,South
43,1282.8093256440807,-17.67961139691318,Sports,West
23,252.54725160296834,13.054839321094923,Electronics,South
66,2213.9594954811378,4.185011117362525,Clothing,South
46,3287.5162659416974,-13.595160751517701,Home & Living,East
64,4169.469873644319,1.221862469697443,Electronics,North
23,290.7451542708628,1.8324519067644798,Home & Living,West
51,2932.5081504637265,-0.3893033437358371,Home & Living,East
29,-21.57489439376684,,Sports,West
30,1172.8551635723184,-5.049380824222626,Groceries,East
47,251.81180155342759,-0.9231888904145196,Sports,South
65,3773.0086418710825,2.615809976774076,Sports,South
27,540.2281029238579,-0.09178680728266064,Groceries,North
59,1492.0253128140157,-6.8195802419288345,Groceries,West
41,1409.3165979767648,-12.251012165930987,Sports,South
53,2953.934634535655,4.648421710762222,Home & Living,West
64,4452.005594554463,7.455079705776475,Clothing,North
54,3490.871852109121,-7.367959895723335,Groceries,North
54,2950.8210100307983,-6.35304690158093,Clothing,North
44,1936.4397643931266,-3.1546877566194516,Home & Living,North
53,2970.204613157954,-1.6784114263874201,Groceries,North
25,-773.0431988168866,,Electronics,West
60,2582.952921277625,-11.561833892346876,Electronics,South
56,2046.629163627516,-3.9766813755402652,Sports,East
20,1150.7614019442644,11.976752279772672,Clothing,North
31,1123.1182876335424,9.324345527036181,Electronics,East
54,3539.900443904787,-5.946068361490211,Sports,North
25,1475.4647031701306,8.763390909741254,Sports,East
36,2086.2112663453436,-3.8430501612805736,Sports,East
28,894.726864724702,11.210351390351622,Home & Living,North
21,1518.9074760765152,6.059543400110462,Clothing,South
37,1346.9748846894827,-2.176018993735072,Groceries,West
68,4157.953407225541,9.04688772016678,Sports,South
55,3568.921149723532,-8.428243112483194,Groceries,South
47,1104.3135004007383,2.544801839964661,Electronics,West
60,2876.278635257345,0.284414705981364,Home & Living,South
56,4863.5666957343365,-2.443899433261372,Groceries,West
68,4674.057252488227,9.374188634069306,Sports,East
45,2059.505008551509,-12.511799812789025,Home & Living,North
23,-401.30374743051345,,Sports,North
59,4369.980112004567,1.353535390149506,Home & Living,West
55,4720.461832834552,-5.062654084220247,Groceries,South
50,2486.372490810846,-3.3639021005284038,Groceries,West
49,2124.807992729949,-8.343800664648004,Electronics,North
69,4816.346858479961,16.815206824309065,Clothing,North
53,3855.0079680685935,-6.5246557970878865,Sports,North
38,1545.6419817399558,-3.30708818860081,Sports,East
37,1929.1633428884807,2.1067941177467606,Electronics,North
49,2080.220130769041,-3.3949441856918874,Home & Living,West
40,1007.3351843925171,-10.198281566561818,Home & Living,North
22,91.97057368837397,-13.538537107065789,Groceries,South
25,589.5685102399608,7.962884822565588,Groceries,East
57,2937.8390013703806,-0.31238418950025526,Sports,West
32,-1584.9416485825973,,Clothing,East
64,4607.219350914227,1.5838383836190233,Sports,North
22,-994.3202629997447,,Home & Living,West
67,3682.3931437194624,-5.066543428909922,Clothing,West
47,2982.2463301000635,-10.964891796691381,Clothing,North
41,3193.0724502513544,-1.3495561461796468,Electronics,East
59,4785.9824698685115,-3.1460676084478063,Groceries,North
59,3447.9629871349007,-3.0241891483442527,Clothing,North
31,2162.2711029950106,-8.616729928213703,Sports,South
42,1680.3955716549824,-10.071678360615081,Home & Living,East
50,1414.3451485043197,-12.822180371214799,Groceries,South
37,100.4830090317414,5.659681803673786,Sports,South
26,-98.72716730322713,,Home & Living,South
27,126.30133977848641,0.7827297581200068,Sports,East
38,1064.4746328003089,-8.132131261845899,Sports,West
48,1156.365846986935,-4.991434676299452,Groceries,North
63,4051.6930892950413,-5.289224873701739,Home & Living,South
39,2543.5684041197774,-0.0018139687592153564,Sports,North
69,3281.9482908591544,6.640633888851836,Clothing,South
61,5622.0513881034985,-3.9667310303886536,Groceries,North
49,1527.6822761650876,-15.144336399585132,Electronics,South
66,4274.139867818072,2.0703335761176622,Clothing,North
41,2852.8949169814127,-14.2438652201341,Home & Living,West
29,830.0651186324751,4.28190257825479,Clothing,North
45,1697.5746119724229,-9.03399095133284,Sports,West
52,3435.9554825498444,-4.509581187044439,Electronics,South
47,1657.5508198001735,-8.52380543554572,Groceries,West
29,88.8662874662682,0.8505022423749388,Electronics,North
48,1242.6394228858928,-4.9610211905855,Clothing,West
63,4644.133303618425,-3.5789716877260656,Electronics,South
37,2282.8903300813918,-8.971167653871131,Home & Living,South
61,5498.5171850937295,-5.243616948690748,Sports,East
20,903.479124448204,10.670205563023094,Sports,South
42,1770.9195558064994,-8.620643086942586,Home & Living,North
36,994.6927942079419,-14.768094781063411,Sports,North
62,3746.8923600824623,-4.056254026597965,Groceries,East
56,3329.4786284265147,-11.28160143930792,Sports,East
50,3076.7333491214476,-11.61246687986633,Sports,South
44,990.0696708696019,-13.240842197881364,Clothing,North
23,217.69701257031676,2.6635342783444593,Electronics,East
28,266.68864876328803,-1.9832892101128696,Sports,North
47,2264.6669627134397,-9.415661416600072,Clothing,East
49,2590.635391583623,-4.466395498425,Home & Living,North
66,1900.8815404052561,5.033253723584229,Groceries,North
43,2346.3132710766076,-7.882837814767701,Home & Living,East
52,2198.9869913223697,-6.1532881859353346,Groceries,North
39,1907.1006539524878,3.6180511758037257,Clothing,South
28,318.97995301219294,-0.1462848054765329,Home & Living,South
27,848.6972140379197,4.411651978030033,Clothing,North
43,2371.7510465256323,-12.25077244965409,Groceries,South
33,1343.056325299982,-1.6135255128974875,Sports,West
37,-808.0160803149474,,Clothing,North
20,767.0355390994864,4.030303154788773,Electronics,West
31,1293.8674400977766,-6.2420808201064855,Sports,West
48,1808.1319709011564,-15.108048435235336,Sports,South
56,3230.114356237605,1.725690340324439,Electronics,West
45,2407.0383203171227,-8.21607537091102,Home & Living,East
52,903.1988841304392,-3.1252220649633964,Electronics,North
62,4306.789703180358,2.9463361131853665,Sports,North
34,1012.9914294159539,-1.9881017884048342,Home & Living,West
42,2026.2548659174972,-15.89115917176445,Home & Living,South
48,2404.5564212156623,-10.224913323090274,Groceries,West
40,3100.6567630401323,-8.571034062813478,Electronics,West
38,1396.5695863021572,3.6766905865054182,Sports,East
24,-170.07119141113094,,Clothing,West
42,380.6506273075004,-0.146738022537507,Groceries,West
55,2737.6094909189046,-5.238387982059122,Clothing,North
39,-352.1466076532288,,Home & Living,East
27,-277.25302250289803,,Sports,North
28,571.8364864035307,-5.053490033286999,Sports,South
33,-128.10680044353103,,Electronics,South
25,784.4862953432612,4.58148044002161,Sports,West
20,-1314.6874663430767,,Sports,East
28,1002.5203832686948,5.906710431867994,Electronics,West
35,2539.764118633212,0.8117520758320631,Electronics,West
35,1507.1975747584227,-2.97136900260997,Sports,South
31,120.91634315300598,-1.840081854768967,Sports,East
24,-403.9709936692849,,Groceries,South
59,3753.202194641291,-6.162663268134433,Clothing,West
48,3453.440623134652,-14.38953660900938,Groceries,East
65,2816.6732067545977,-2.825531436015013,Groceries,West
46,2212.3107896711717,-8.179604000097665,Home & Living,West
30,852.8705591925452,2.5998804502812263,Sports,South
66,3460.0729464405977,1.6328793057436397,Groceries,East
69,5963.074205974055,4.96044463508006,Sports,South
47,1964.597412517055,-10.770859216929676,Groceries,East
55,3206.9830839766873,0.48942278174119114,Home & Living,West
61,2382.591442640083,-2.756796128726141,Sports,West
38,927.0321967878276,-1.4912463902807396,Clothing,North
54,2255.1662569668633,-10.222653430992194,Home & Living,East
50,2805.399321603018,-8.570715892122141,Electronics,West
63,2439.1309991959233,-0.7308476648737278,Clothing,South
38,738.6639947115991,-3.7544670673488802,Groceries,South
65,2033.876460653993,11.608491396714161,Sports,North
43,1941.590973178926,-7.758490077245858,Sports,South
21,-835.1278172906725,,Clothing,North
26,1310.6184756527891,5.2284538959721285,Electronics,East
62,4677.958568912962,3.4225869302396044,Sports,South
68,3981.5903827327884,8.880034699952505,Electronics,North
50,2399.9797447075507,2.7990939356129303,Electronics,West
36,1544.3844057593128,3.9733819011107787,Home & Living,North
46,3440.728040765331,-7.101728330407455,Clothing,South
55,3732.037512765493,-9.83303202854887,Clothing,North
69,4511.728723963195,9.704121239162147,Clothing,North
62,2685.11367700981,-2.2150310025548645,Groceries,East
29,892.5970069215217,5.236014701723207,Clothing,East
64,3821.509946497793,-7.8480762943936595,Sports,East
33,2460.886429361957,3.8267558090774334,Sports,North
26,379.8949175507125,2.0761900082093567,Clothing,South
58,3145.9831163260983,-5.098164019859212,Sports,East
59,3940.65711752163,-3.8877933407677006,Home & Living,South
28,485.7087012242327,-0.5733848318209511,Groceries,East
33,-1335.8463114056385,,Groceries,North
27,981.7353709032751,1.058691418884255,Electronics,East
36,1342.0448810820421,-2.8325154205947403,Electronics,South
42,893.8607489877693,-6.436461308419666,Groceries,North
35,2779.5719893213954,-2.6503755619787572,Clothing,West
45,2439.49285973478,-6.56903094028128,Clothing,West
28,98.18070264698247,1.2708816544993617,Home & Living,South
55,3243.7233115245253,-10.22424940067837,Groceries,North
26,1241.047078726206,6.090406800419478,Sports,South
37,32.38680028612612,0.6873758143124897,Sports,East
27,387.3277230662888,2.3330237911612595,Electronics,North
40,3019.603306834105,-8.245481156346898,Groceries,South
45,1115.5843029282807,-6.701094618749449,Electronics,North
22,1074.9053025753017,-1.5572922361570587,Home & Living,South
36,1502.4614174288597,0.5327554719828362,Electronics,South
65,4458.268845396526,0.7773730339784766,Home & Living,North
43,2119.6848588433377,-11.273954853948045,Groceries,West
44,1691.5926039979004,-8.717119145472463,Home & Living,East
24,1025.6126122772566,4.882754492562249,Electronics,West
56,1756.949556506471,-2.0035251364103663,Groceries,North
64,2597.8777105592553,15.21667998692489,Electronics,East
69,6669.901942846629,3.3158801829804085,Sports,South
43,2534.979436045497,-0.34742141354364087,Clothing,West
50,880.2468826396696,1.6775294577992979,Home & Living,North
45,1172.4741803014178,-5.10219924061916,Home & Living,West
40,1986.7299048335044,-6.9969834455316455,Clothing,North
53,3719.7394252473073,-2.7069598554974004,Home & Living,East
57,3882.4765481868544,3.490364695569422,Home & Living,West
43,-170.2557168874132,,Sports,East
47,2701.7641016632424,-0.3380566427837959,Groceries,North
49,2907.9547296685478,-13.281124669129582,Home & Living,North
53,2952.1822637453956,2.7184189928873836,Sports,South
42,1258.43669205705,-7.533692636594267,Home & Living,North
27,-559.2827842812167,,Groceries,West
61,3730.571290358532,1.5627383983127603,Sports,North
69,5178.663342809156,9.543784488067661,Home & Living,North
29,303.5642319599847,3.490110318391447,Sports,South
20,712.3348951471164,9.814840033703382,Clothing,East
39,1564.774007201544,-8.993068140075112,Home & Living,North
56,2873.980834959779,-2.8275531442415147,Electronics,North
37,-232.60988327485688,,Groceries,South
40,857.2778577522749,-8.526467832381377,Home & Living,West
68,5269.057526864009,1.8666676732526146,Home & Living,North
23,-773.2359627165451,,Electronics,East
62,4118.850288838558,-4.9825643659781855,Sports,South
21,2276.3012593948397,10.737665907305981,Groceries,West
40,760.0601424186937,-0.5431196646516092,Electronics,South
56,2355.5759492300595,-10.42320147898273,Groceries,North
24,390.76604362467697,7.336334116630699,Home & Living,North
36,1169.8718292070757,7.529030628538655,Groceries,East
68,4375.413435097682,6.397273048014561,Sports,South
67,4851.151559715341,-5.714215467736824,Clothing,South
30,486.5039280108296,0.9026928017120671,Groceries,South
65,5765.388911982447,-3.0845118023711526,Clothing,West
60,5514.354379178004,-8.077832508428601,Sports,South
50,2980.6892953039273,-8.280462697410165,Electronics,South
47,2221.3092948943895,-2.0174657545570156,Groceries,West
63,5183.2435739473585,2.9541123358972636,Groceries,East
51,2026.784777815712,-7.899450323492425,Groceries,East
40,-522.9506979348812,,Groceries,East
26,1800.7560527249486,-3.549234968627112,Clothing,South
29,953.0607912166776,9.861055765887302,Sports,West
47,2728.1412258690566,-2.63894504815337,Clothing,West
67,4278.0551958508895,8.542253127992975,Home & Living,East
55,2050.1429530716896,-4.250410933717228,Home & Living,South
39,2220.210125474775,0.9765409702140087,Electronics,East
32,2040.1952005867615,-1.1009896298838358,Electronics,North
38,1246.348608870942,-2.56552309691091,Groceries,North
69,5102.988823792557,1.2179275443193984,Home & Living,South
30,652.5849519649647,-5.6974767777385456,Clothing,East
54,4508.058340640559,-6.125275258019022,Sports,North
53,3371.9199991509804,-6.830503391284302,Home & Living,West
63,4060.059665809301,0.34330135344822543,Home & Living,South
23,1353.3863386250446,10.001520714335953,Clothing,North
32,724.391577104249,1.025291810386567,Home & Living,North
56,2161.019034186358,-9.961006399803995,Clothing,West
21,2371.501351168871,6.797478540819888,Clothing,South
69,6254.854279478153,2.567290142584421,Clothing,North
20,410.99076581128304,10.87964288513114,Clothing,North
59,4264.70452330967,-5.083769178926371,Home & Living,South
44,2598.119196085964,-2.6660855189010615,Home & Living,South
56,4088.0400784256117,-17.10389327792081,Sports,South
55,2394.0526249235845,5.171015015546899,Electronics,West
25,-795.2772629379872,,Sports,North
26,3276.879172321349,7.134579843900318,Clothing,East
23,224.26351916509202,4.0761844996243335,Groceries,South
54,2332.8653760389325,-15.96479161190516,Sports,East
60,3220.4354905342934,-10.128649611415076,Groceries,West
53,2665.7767659224965,-9.166106482676494,Groceries,East
48,1077.8592096292673,-12.421673441394876,Home & Living,North
24,-575.4656454767801,,Clothing,West
46,1832.8141242384509,-7.390740125273252,Electronics,West
52,2634.1402448515933,-11.137484520114338,Electronics,South
65,4708.376747377863,-0.2881050223107722,Electronics,North
29,1837.7394640267744,-3.48309941256026,Electronics,South
25,75.19804191644312,0.16038759698655092,Electronics,South
53,1059.2872253836604,2.044405505635443,Groceries,East
27,1357.2052544022622,6.168162696358164,Groceries,North
50,3545.625945488372,-3.51030866516121,Groceries,East
28,949.0806869239035,2.5615128149611923,Clothing,North
40,2196.687778722917,-2.3924674225580405,Sports,East
27,1489.7825997961509,0.10565936080347083,Home & Living,South
23,1495.481353048238,10.599617049420871,Groceries,South
41,1547.1077654087596,-11.435883284696349,Clothing,South
47,1633.2320981301982,-15.810841796309354,Clothing,North
64,4482.551672480187,-3.4561880187465657,Home & Living,South
23,129.64715948700297,2.6373689400562443,Electronics,North
58,4039.381362978053,-8.479609651800676,Clothing,East
40,1953.5401066066856,-5.516066097698428,Sports,East
27,1759.3422314244042,-5.602286465080677,Sports,East
39,1018.0594461093294,-6.819112587793169,Sports,South
51,2344.994671349601,-5.0554335170388365,Clothing,North
20,942.7084436389251,3.639380944721079,Clothing,South
25,960.6356964616942,0.40136627830954197,Clothing,South
47,2249.341689331564,-5.466448691260931,Clothing,South
63,5640.061856460346,6.201505489683973,Sports,North
50,1497.0744923317689,-4.263172529417442,Home & Living,North
29,2243.4456932158746,0.7180714196884272,Home & Living,South
39,1002.6786181318964,-3.997225806864897,Clothing,South
27,-860.788472083527,,Sports,North
41,1848.8645153126267,-1.2673630151704627,Home & Living,South
57,2322.090862836327,-4.1421130614474615,Sports,North
48,1427.8415540382484,-1.5613785864516831,Clothing,West
28,2645.2522236718537,5.2545055817125395,Clothing,West
63,4265.060702594342,-0.07815912763031363,Groceries,East
66,4472.046855867706,3.997152802164182,Clothing,East
20,668.6291150172599,12.87555998617378,Sports,South
60,3028.193534463253,2.3601491055957675,Clothing,North
58,3849.6556011968196,-6.092616627238664,Electronics,North
45,794.2437955151806,-10.963864255010217,Groceries,South
30,-897.7105183284934,,Clothing,South
54,1778.9295683110533,-0.4514133687541504,Clothing,North
43,2887.310228196784,-7.9468538196195055,Groceries,East
52,1702.415091638496,-8.09694406692601,Electronics,South
39,153.85901648923505,-3.6303325132799014,Groceries,North
46,2440.2716384130035,-5.583787171604538,Sports,East
34,2452.8429902423472,3.8700935696088674,Sports,South
52,4007.9074538070745,5.712248152334916,Electronics,West
26,46.45931447911289,1.7952399889661448,Clothing,East
53,3934.085878933847,-3.335179912819264,Groceries,East
64,5116.687832273299,3.368272789349223,Home & Living,South
65,3455.938000541696,11.649412666425995,Electronics,West
61,4686.486149537822,-4.770734631036278,Groceries,North
24,2486.0863624940944,6.4487422690057254,Groceries,North
49,4527.137309486959,-0.44975204561486315,Electronics,North
47,3092.5117575301224,-9.545906483037054,Home & Living,East
37,700.1941649159749,-9.169265779636056,Sports,West
55,3933.8926894979186,-4.716527989211255,Sports,East
22,2296.06281426864,3.7456040753277593,Clothing,East
40,1343.5195828713397,1.4263618464329477,Clothing,South
65,4382.931980749922,-7.189526745269645,Sports,South
35,-292.57762547359175,,Home & Living,West
56,3223.3457389906825,-14.466932370684475,Electronics,West
61,4665.1931553542345,3.7534558155245286,Groceries,South
24,-479.8261081073904,,Clothing,East
69,4888.665099466279,2.2328143423438385,Sports,South
33,-1872.650329026958,,Groceries,South
50,4610.299837847559,-11.594412332860163,Electronics,East
65,4805.670039544307,-3.402208240686624,Electronics,East
43,1114.0079207787605,-6.113715913274451,Clothing,West
54,2630.135569663344,4.819560543926455,Clothing,East
55,2098.4582737237747,-14.74862045312899,Home & Living,North
29,333.91699040911675,4.351149016410872,Electronics,West
46,238.30228599319207,-11.945670041138323,Sports,South
46,2695.218276426463,1.384393291721965,Electronics,West
42,3224.3509462013644,-4.163429061068668,Electronics,South
32,2517.021470489448,-5.98427734534387,Home & Living,East
35,467.33696541138045,4.128455379471077,Electronics,West
54,3993.379760402405,-9.189975794811717,Sports,East
46,930.103614005696,-5.498059417058271,Home & Living,North
58,2830.2234986402264,-16.94082852559414,Electronics,South
66,4632.365415305332,1.3219691632907051,Clothing,East
36,1288.7568490195213,4.043247456930077,Groceries,West
67,3080.1638579740493,9.903520402784542,Electronics,North
60,3774.6659555441483,-11.533243590326588,Sports,South
20,1539.5162386229767,12.071490614137307,Sports,East
30,2272.0452109157904,7.114531904542253,Clothing,West
31,604.8991825333601,0.22323696609294313,Electronics,South
33,529.2006861491247,-0.8972194322672095,Electronics,North
27,462.67511505329406,4.955106624662198,Electronics,South
50,2180.776615883766,-8.535751719849554,Sports,West
26,377.98989630365816,0.14970634449964582,Home & Living,North
65,4347.688239755102,4.739409484894797,Home & Living,East
50,1347.8655751926149,0.9678368079175277,Clothing,North
35,174.71619098897668,0.4324465425868942,Sports,East
61,4573.810830845105,-5.875974906350377,Groceries,North
58,2530.252706394837,-13.362566119733348,Clothing,South
63,3974.513535184968,-5.232303735082499,Home & Living,East
38,1524.8132419514056,7.828283075939609,Groceries,West
27,591.5191830774131,-6.774550245557355,Clothing,West
48,2894.670459112064,-11.765048527410972,Clothing,North
21,232.05946142913746,11.421845049847544,Sports,South
61,2820.1622150001,1.2095555547998045,Electronics,West
22,422.78921579396433,10.959033400874294,Home & Living,South
48,411.21864268517834,-1.7965044882964651,Home & Living,West
34,644.6104107000234,-0.31236897001142205,Electronics,West
57,5310.898672927021,-4.478629116569598,Groceries,North
47,2111.950318098597,-13.29667015765573,Groceries,South
56,5036.309726378099,-5.38966566430979,Groceries,West
51,2322.1679292722306,-2.7297725243526294,Electronics,East
49,1403.805569693353,0.9934813478327849,Sports,South
66,3308.732955772317,8.238162036322493,Sports,South
49,3396.111982025943,3.278258303049147,Clothing,West
53,3639.3737616402414,-4.147828267110899,Home & Living,North
32,2529.8612796002562,-7.801113674375582,Electronics,East
52,3217.665567099171,-13.937563286799865,Sports,North
61,4168.634112731405,1.3414730123400445,Home & Living,West
36,2334.972557538641,-18.703922188980624,Groceries,West
22,438.9155911522471,-4.251897250165622,Electronics,East
28,565.9884957823012,9.022707443388118,Home & Living,East
30,1297.3936100792403,-0.0539934629885328,Sports,South
68,5213.173268002223,12.269744465602393,Groceries,South
46,4499.493168561006,-9.239807879625276,Clothing,South
47,2925.794686726748,-7.377362345571422,Clothing,West
21,503.14673627928204,-0.9267096048854855,Clothing,South
20,305.8400756154009,3.0942161782651882,Sports,West
25,1542.3278726824815,6.5184585433716915,Electronics,North
44,2490.0945600870486,4.113296483278427,Home & Living,North
54,3569.7858818946784,-10.037589312562426,Sports,West
35,51.0410782121653,1.4861078300950148,Home & Living,East
23,1688.1602105957431,2.0156714236589424,Sports,South
66,4946.774162709041,-7.632214955878984,Groceries,East
57,2203.5192145089486,-6.2332547209063955,Sports,North
63,3162.4352111376847,-0.7321306634515111,Clothing,West
39,3537.2134174413336,-10.552598099426206,Electronics,West
44,1633.848177733525,-10.488272917917131,Home & Living,West
26,1349.751836117126,5.074369844798113,Groceries,West
40,3268.2644227003234,-1.7585748072653944,Clothing,South
26,-2240.3849027752944,,Groceries,South
48,2735.663669332875,-13.6966278769535,Home & Living,West
26,-53.05029249257757,,Sports,South
22,599.0994266114634,0.9100912531082708,Electronics,North
48,2618.340703315488,-10.672649762123447,Clothing,East
48,2340.32547553376,-8.266933231508736,Electronics,South
58,3899.408393940028,-9.123071114809221,Home & Living,South
57,2748.9103099522044,-0.5768253320840699,Groceries,East
25,1827.8517119573064,3.913262578061351,Electronics,East
65,2966.863585219392,-4.118315640551295,Groceries,West
29,-669.8214926783587,,Electronics,East
56,1901.9436399217047,-0.06127818803922391,Home & Living,South
33,2475.091339341525,10.502542844542612,Groceries,South
41,1386.5748909695903,-3.7509426848409047,Electronics,West
51,1094.4243543426333,-12.829962258839668,Electronics,South
37,901.6487174283261,-9.575049822536498,Home & Living,East
55,3591.1627771827452,-9.421200353235372,Groceries,South
65,5003.666880691295,-7.505503288675179,Electronics,West
28,773.0260166654548,2.6943465460618152,Clothing,North
45,3100.88456292054,-5.869929374199387,Home & Living,South
41,2284.543724319592,-7.784424518532617,Electronics,East
65,4593.067429738045,-0.606543212539751,Home & Living,West
57,3288.064578167643,-8.257300777626929,Sports,West
42,1220.145022210272,-13.559874369707263,Electronics,North
36,1402.0956894836763,-6.911402027643108,Clothing,East
45,1618.550161411212,-3.930360518074157,Sports,South
66,3066.9154652100715,-1.012582320241243,Home & Living,North
57,4631.508645960429,-8.37548673454733,Groceries,South
21,955.897657834113,4.280116710464611,Groceries,East
25,2265.724477666334,-0.6650399407526715,Home & Living,South
26,-2.8673300379778084,,Groceries,South
32,368.3670625964221,3.8912770059613955,Groceries,West
46,3155.9923329627936,-9.587362859718926,Clothing,East
30,1048.4656886949442,8.05345854428684,Sports,East
34,2167.216957489812,-8.945667941700746,Electronics,West
28,1629.1463273650913,-3.1867963320250405,Sports,South
27,1483.7383500855576,3.3498365760834625,Home & Living,West
65,2208.8736460733408,6.3492417653023185,Clothing,West
25,2265.663333873288,6.58862507149151,Home & Living,East
67,4472.070766888216,4.488335753168042,Sports,West
62,3045.3391474874347,-2.4067430120430466,Clothing,West
23,1506.5817312194633,9.336777740922772,Clothing,South
30,1793.0540099744117,3.0698652305950023,Sports,South
47,2192.673139946631,-9.253674530653916,Electronics,North
45,52.8013426953064,-7.0762484099022736,Sports,West
23,-229.43746083518465,,Clothing,West
34,1579.278417666391,0.2804397046500249,Clothing,West
38,1357.5161793307427,-15.424787838749584,Electronics,South
25,-771.0054091830939,,Electronics,West
24,1330.7995149908277,2.8610785553034166,Home & Living,South
37,948.9749327175452,-0.489327143606924,Home & Living,East
25,-1159.1049792790238,,Clothing,North
50,3517.1341727287154,-6.0018939717558,Home & Living,North
44,2299.458680976264,-11.40383584279368,Electronics,West
23,944.858818386051,2.7556956889020507,Home & Living,North
25,-385.37013386153535,,Home & Living,West
60,3367.97234115685,-7.397025135638534,Clothing,South
56,3775.048713319132,-8.839718724963529,Sports,North
69,4533.038755898912,3.352283814405318,Sports,North
44,2048.5928365718282,-2.0674808161249514,Groceries,West
53,3178.0759027062577,-17.5087694901273,Groceries,East
38,1256.9687200051656,-3.621657014347246,Clothing,East
53,2886.1139380125383,-7.514332971063646,Clothing,South
34,4067.6163950690275,-10.076432250673701,Sports,South
69,5660.569806130699,4.919613366527883,Clothing,South
27,188.06981088165628,8.886300861418142,Electronics,East
63,3768.5046383361105,2.2406013638619178,Clothing,North
66,3705.741168252791,8.611890858779054,Home & Living,North
68,3382.7303604771128,-1.1620581420784832,Clothing,West
53,4802.428590632207,-4.581452730950957,Sports,West
37,-52.9121787490883,,Electronics,North
49,1457.9048154482252,-10.432716599102548,Groceries,East
32,2174.0714194675056,5.728681566744245,Electronics,East
66,5090.371782088791,1.2502235364366001,Electronics,East
52,4078.981532125984,-8.470634292963194,Home & Living,West
54,3652.379949351506,-10.94746435766477,Electronics,East
43,2587.7611255574493,-12.549338330793104,Clothing,North
45,2466.534009046864,-8.420584774389408,Sports,West
66,5070.584186682464,-3.5579500042274197,Electronics,West
63,5654.284614154026,2.19171823053911,Electronics,North
61,5378.746911922869,2.150562786032552,Clothing,East
66,4747.086161961957,0.43292800816960186,Electronics,West
20,-199.48911900809208,,Groceries,East
32,576.3393208374268,1.4964573043416811,Electronics,North
29,1973.028417274948,2.84376637026617,Electronics,South
38,1135.241443881765,0.5459282469382929,Electronics,South
24,2197.2239289331765,-0.36328909763455997,Groceries,East
27,1192.5397652282402,-4.8894071129053245,Groceries,East
23,767.4806348807379,1.205391786967168,Groceries,South
68,2945.5558219778904,3.593940996634267,Groceries,East
32,262.2900583458937,0.7705816628799804,Electronics,South
57,3823.8523617353567,-5.777554631717702,Clothing,West
65,3121.363528963546,-2.615385852949556,Sports,North
68,4920.066423732064,12.174977032387355,Sports,West
65,3453.01382114536,0.09834198735653232,Electronics,North
38,1968.9620090383946,-4.862903892643982,Home & Living,East
69,5692.31904221065,8.828985836568279,Sports,South
27,-1097.1207806653906,,Groceries,East
46,825.0142187599713,-1.1218523560849247,Home & Living,East
69,6213.6330359826525,4.093851917084507,Clothing,West
66,2625.41517933849,-0.6142025753854772,Home & Living,North
49,2269.1254082528017,-12.963428473315263,Clothing,South
23,362.24572371812343,9.112910343834564,Home & Living,South
30,992.454708269505,2.690990544448564,Sports,East
40,-571.2368680970503,,Groceries,West
62,5232.47399958725,-3.605759288722699,Clothing,North
21,1215.3251026160654,0.8971413404664572,Clothing,South
40,2539.2987623708914,-8.620614870621056,Home & Living,South
36,1738.9258956388067,0.1119920357354438,Groceries,East
62,3132.1056874956294,-6.673486463294277,Electronics,North
48,3332.401158184921,-14.523941952085787,Clothing,South
46,4271.3627889098525,-7.622603535706314,Groceries,North
43,1258.570215711714,-10.259251568264112,Electronics,East
68,4923.387071073365,12.457122832199616,Clothing,East
22,-205.12052069372407,,Groceries,West
58,2829.9315279564735,-1.5877494957045704,Clothing,West
29,1353.2242029879483,0.5249358682994518,Sports,South
22,1089.7816917862515,6.672891028258919,Groceries,North
64,1523.290839873161,-4.181275127685486,Home & Living,South
61,5115.389896726651,2.287585714379576,Home & Living,South
45,1800.8735864795062,0.21807928827354406,Electronics,West
56,2757.728538010711,-7.864282259426897,Sports,North
46,1682.1757586261806,1.6242366711537795,Electronics,East
24,2603.365433252503,8.294505258445774,Home & Living,North
61,4055.353529282654,-2.3842314646369998,Groceries,North
30,1471.396483607617,-0.4094387649195763,Sports,West
32,987.1096893871324,-0.9299068952293463,Clothing,South
60,4382.090733577272,4.2703886064100915,Clothing,East
53,2037.1113011621728,-8.60037638566072,Groceries,West
57,3426.0930948377104,-2.8451537914992446,Home & Living,West
59,4537.239981020755,-2.6222367227838626,Electronics,East
52,4973.3595580521105,-9.75312564846716,Home & Living,South
53,1776.121120640518,-17.493179798971838,Groceries,South
46,3720.3027023780132,-13.066080957365191,Home & Living,East
55,955.7366449503002,-5.755446691532962,Electronics,South
45,241.00564716436406,-1.223594834210088,Electronics,West
44,447.11294107025174,-10.121407094342334,Sports,West
38,868.5550345324449,-9.761514350876954,Sports,North
40,1876.0935196683422,-3.706570481678857,Sports,West
50,2759.1622777233365,-5.471294493156799,Home & Living,North
48,2057.9291229415408,-15.605251207204915,Clothing,South
28,28.92804141504587,-3.24601099308287,Home & Living,North
38,2380.5655183855547,-7.061238250117375,Electronics,South
45,2691.418270243176,-9.024285706014377,Sports,East
44,1744.016110909952,-21.85869836141748,Groceries,South
59,3904.36760828905,0.9234841014710042,Clothing,East
62,5021.682129610348,-2.977095894712492,Home & Living,South
48,4152.670826315669,-3.2297477264163614,Clothing,South
44,1199.8375771727724,-4.269158875634403,Groceries,North
38,1724.526292957455,1.4205111580585372,Sports,North
23,790.2710144448247,8.670379865785428,Sports,North
64,3036.628533621703,-6.322323715218419,Electronics,West
39,973.3731405736445,-4.9071159389103025,Home & Living,North
65,4835.6425511815305,3.2661267695801754,Electronics,South
20,1091.713421020273,12.948791117147875,Clothing,West
30,1269.2973797121808,2.554808739223258,Groceries,West
23,541.8723480457727,2.8674179658481815,Groceries,North
26,20.001898439835372,0.9905186620724062,Electronics,West
47,2538.686041862826,-6.113242932386756,Electronics,South
55,1088.8946105867167,-7.298608333000904,Clothing,South
26,2274.2035365387974,2.8174847881421177,Sports,East
39,2014.5306163522757,-3.7380212083235005,Groceries,South
54,3197.4221746497674,-5.7007431530842325,Electronics,North
58,3921.4088711329846,-4.073541903055183,Groceries,East
40,2030.1776702321258,-11.386173601901465,Sports,West
63,1354.403143335809,4.365063520610852,Groceries,East
20,880.1057859803223,8.064760096671675,Sports,East
56,2387.2136145775316,-0.8052326970754882,Sports,South
65,3177.60019486254,-0.03964875635308873,Home & Living,North
61,3605.9476425233674,-3.0353072657845734,Clothing,East
22,732.9947639686029,3.079494358769679,Groceries,South
53,2589.216064106195,-6.442083677981548,Sports,South
32,1243.7319320657498,4.261721813001666,Groceries,East
35,569.9161253048183,-4.454994906171373,Electronics,North
53,2017.0824895338321,-5.8115805717462585,Clothing,West
43,1629.0901436514605,-8.82871492443833,Clothing,West
32,1312.136903087623,4.398538074697564,Electronics,South
25,1191.0939380764512,1.5943245622860447,Electronics,West
58,3910.756143443571,2.048166039614273,Groceries,East
21,1147.3805514744836,3.8518856013387737,Home & Living,South
30,77.80963496002221,-0.658897348886599,Groceries,North
26,49.39937571544658,0.8558753718077408,Groceries,North
26,-215.49489020319857,,Sports,North
58,2998.4221312493987,-4.704196943943673,Groceries,North
58,2991.7706404653304,2.864276324024075,Clothing,South
31,-30.935611110245418,,Home & Living,North
41,1634.1204447625068,-3.719948368828403,Electronics,East
22,-259.218989550605,,Clothing,North
32,-781.2686788766703,,Electronics,North
49,2330.9059864554492,-12.948381959755494,Sports,West
29,542.5556928770088,5.296069848520112,Groceries,East
28,769.5556977192283,2.4055023483330533,Sports,North
25,-287.97152654932256,,Electronics,North
63,4395.739837998127,-3.939141368949795,Groceries,East
21,877.5445572701701,6.441080376825369,Groceries,North
63,4148.932200514146,-9.00644929649768,Sports,South
35,479.2478114445702,-3.2316518938750747,Electronics,South
32,526.8003423489996,-2.1844218385911573,Home & Living,North
67,5123.88092596833,6.668466367776478,Sports,South
32,1434.1991745931161,-0.06660202120252579,Clothing,East
41,1955.9535360038328,-2.7769055526054975,Clothing,South
38,1342.1611561869654,0.5934678964083222,Clothing,North
45,2104.387347937921,-10.293391432292296,Electronics,North
33,1825.334435034295,-4.851877763241297,Clothing,North
50,1045.3512894991543,1.7463813542325655,Clothing,North
48,3818.6418595255595,-1.8896816703575885,Groceries,East
64,3234.2564679404495,3.8855420683951567,Groceries,North
61,2736.140718713624,0.13503663354065054,Groceries,East
41,1262.275651893564,-4.091763482248977,Electronics,East
26,1387.3657942960297,5.523379350735704,Clothing,North
56,2789.297843021334,-6.8318971893779725,Sports,South
68,3936.4348078644553,-0.2971534899189052,Clothing,West
60,4475.092505206269,-0.9491196416705803,Groceries,South
46,1498.4949438354547,-15.288010762847478,Clothing,South
50,2746.4739426948254,-3.2763574373397057,Groceries,North
25,855.2563164669962,-4.9547622665040985,Clothing,South
35,2405.5311679673923,-6.163814233550433,Electronics,East
57,5568.50889319103,-4.742832383989964,Home & Living,South
57,2807.5133991767184,-8.261429885666937,Home & Living,West
69,2466.0582645036047,5.028027719959206,Clothing,East
51,4755.457142844683,-5.724149308845194,Sports,South
52,2024.8252333504984,-6.15477850724061,Clothing,West
68,5171.584173090518,3.97464301069369,Clothing,East
36,1039.9035884925247,4.688002427043353,Home & Living,South
52,1468.4522670913734,-10.795763737945409,Clothing,South
30,382.1832253041307,3.1264165551818546,Clothing,West
32,806.0495899029877,0.2864787247073981,Groceries,West
49,2848.970273376629,-7.895110545465501,Clothing,East
20,968.1551768080924,10.84234840769409,Groceries,West
49,2789.4980736784228,-10.044825101295398,Electronics,South
46,2151.5988828861387,-6.628303833353882,Sports,South
59,2706.8623859357413,-5.521991801875975,Clothing,West
42,387.59222970741416,-7.248097667892139,Groceries,West
39,2187.5785615098785,-11.648879917323466,Groceries,West
25,-22.397276014920863,,Clothing,South
56,3310.2303506638136,-5.888944711670315,Home & Living,West
39,1338.7025652276548,-6.671079986969871,Home & Living,West
56,2666.042880304382,-1.0611730142791194,Clothing,North
25,797.1963014028371,12.917929161213477,Clothing,North
48,2782.7966207021914,-3.095881484950679,Home & Living,South
32,2189.482114321364,-2.8881778462597407,Clothing,West
46,2351.776285089715,-12.463742031336999,Clothing,South
69,5144.9029486978125,0.5057754991911496,Home & Living,North
39,2733.4727283933908,-10.34374278682958,Groceries,West
32,1244.1993120440545,13.070730931570377,Electronics,East
58,3731.9540640882005,-9.758425726808534,Clothing,South
27,-1010.4506765687938,,Home & Living,South
36,1325.5930595870273,-11.722568530393334,Clothing,West
49,347.32411715430953,-5.5857591414408585,Clothing,East
20,456.0585567882376,12.970670568009563,Groceries,East
43,1402.7543993706138,-10.055978838631853,Electronics,East
35,1607.3770413956386,5.500369296195928,Clothing,West
30,1599.045602177885,-7.164956953537564,Electronics,West
23,990.4040853800508,2.4947696102410974,Home & Living,West
23,653.4360661972,12.449962505174344,Home & Living,West
36,1016.9961918093811,-7.704642633665689,Sports,South
68,7080.829054622975,2.602728606056207,Groceries,East
29,866.9791461294963,5.208541293616591,Home & Living,East
40,1481.0144457046902,-3.0200885358072282,Clothing,North
57,2308.9361336044135,0.9954575624427315,Clothing,East
68,4193.361880654398,0.7183576527357776,Home & Living,South
37,2069.732383670112,2.5152132700135743,Sports,South
29,1656.9828168592635,4.318996788857717,Groceries,North
64,3173.903398639257,8.48635147000327,Sports,West
35,1353.7290938363421,-5.232232858433547,Electronics,South
58,1388.4850072204347,-7.401913974778598,Groceries,South
34,981.0465302333779,-2.6593235877365338,Groceries,North
53,891.416643619717,-15.115412006759772,Clothing,East
24,695.9923729375956,14.899791951332494,Groceries,East
36,1340.616086473536,-0.8572432504115421,Groceries,South
56,3182.88312343365,-6.55989734622191,Clothing,West
27,1614.3954665170445,0.9861540643145688,Groceries,North
43,208.26788291154003,-5.447482575394646,Sports,East
47,3059.969420231808,-14.111613307189081,Groceries,South
66,4210.766543588969,-6.90177293839951,Home & Living,East
27,1315.827874343547,4.673019383758309,Groceries,South
42,836.1346250894071,-3.9278746570812566,Groceries,East
54,3552.676514120341,-3.9578653792465066,Electronics,East
50,1520.505341574954,-9.115071380409521,Electronics,South
36,1244.361252430227,-6.981493588631453,Sports,East
47,3734.261095831907,-14.32889304285937,Electronics,South
67,3186.4263633767523,5.908957575328496,Sports,North
67,4986.270971833614,4.5763171619068315,Electronics,East
31,-41.121490800176275,,Electronics,West
43,1788.588333569429,-6.985845964022874,Clothing,North
34,-17.228175275158037,,Sports,West
59,2507.5191822029788,2.5572983472950344,Groceries,South
50,3248.3040687684493,-3.3549276322245065,Electronics,West
46,2019.663034914215,-10.990283794070363,Sports,East
54,2540.016376908383,-10.280158376545703,Groceries,West
37,153.74791208654074,5.4229489954276335,Electronics,West
55,3574.7203065472463,-9.002912366620444,Home & Living,East
27,871.3023857568627,6.711312672304135,Groceries,East
65,4186.491196513834,14.944453965369103,Electronics,North
68,3786.2903562101856,-0.18131506260653296,Electronics,East
57,1808.7247673239274,-2.260581160204058,Groceries,East
24,350.78063313890505,4.4023875392530805,Sports,South
33,473.43340261962237,-3.4939066085509274,Clothing,East
57,1200.362870956842,-7.652941401119534,Electronics,East
39,2614.1576940831374,-10.357087971029863,Sports,North
63,4024.90046728074,4.123649192172812,Home & Living,West
28,-833.8890903282409,,Groceries,West
52,3863.6749447993657,-2.97463827097567,Sports,North
37,1001.2419250639944,2.3188805228175813,Sports,West
25,-669.6785707061138,,Sports,East
56,2530.674873950331,-2.9506693847624055,Clothing,West
21,471.3279802812812,4.233822295706338,Clothing,West
49,2702.328899309023,0.8923992275201256,Home & Living,North
25,-440.2183985054794,,Electronics,West
36,1873.4510095833707,-6.346230817512733,Clothing,West
58,2893.2449151701717,-9.120057500049851,Clothing,West
60,2896.2203754790553,-5.326334061882424,Clothing,East
42,1455.7888119116265,-6.634643728065096,Clothing,East
50,2092.056474566237,-8.526781651940453,Home & Living,East
39,2123.116903816027,-6.514115953492569,Sports,West
24,1601.7923244786575,11.927165651840301,Groceries,West
40,2137.4735626422976,-9.192537016477402,Groceries,West
62,4329.411441300644,-2.386269329733718,Sports,West
30,1013.7224303214772,2.6380927656326105,Electronics,East
23,-100.39778001822697,,Home & Living,East
42,2103.4988913858297,-0.8355454165449494,Home & Living,West
57,4971.21770421503,-7.0733304444890805,Clothing,North
49,2862.0494681961527,-5.70296305713849,Sports,South
61,4538.148944359575,-0.3752544179265407,Clothing,East
60,4149.177793143465,-3.254083124572955,Groceries,East
37,1452.8887931615566,-4.723426833220953,Groceries,East
60,5276.76299950744,-0.3028463929208489,Sports,East
62,6022.534800560359,-0.06163403603552431,Groceries,West
50,649.425040167198,-5.580788845447677,Home & Living,North
49,2850.167365525937,-1.5498155605597645,Clothing,East
53,3026.34728078344,3.3214380496384504,Home & Living,South
50,3378.382185509302,-16.429357605303764,Sports,West
66,4621.065886227596,5.925556650800926,Sports,West
57,2849.3376464333687,-11.233255965726922,Groceries,South
44,2122.3367240545385,-4.113430260987589,Electronics,East
36,-548.8707279057785,,Electronics,East
55,3032.155999061794,-11.79079227378785,Sports,East
59,2576.631149483009,1.4303723443407135,Home & Living,South
49,1052.5041220807632,0.5629518904711768,Clothing,North
21,1186.2310898428796,6.590913554460787,Electronics,North
43,92.64669691322388,-2.6355712831950724,Electronics,North
28,-352.7709672129338,,Home & Living,South
20,1302.5396841128186,5.683258322233564,Sports,South
43,563.3105616283542,-0.11807191808026918,Groceries,North
57,3559.302623366209,-2.8567904870839644,Home & Living,East
67,3597.5854318905504,2.1948335246622315,Sports,East
46,2197.2350946109227,-3.2328269848428537,Clothing,North
45,1454.0063101902354,-0.4337449369272246,Sports,North
45,1960.8512982945306,-6.144628703027525,Groceries,South
26,397.26079534679127,7.301618277540172,Sports,South
44,1035.2115316852878,-14.887614043954722,Sports,West
35,3326.561476382956,-3.313103022515338,Home & Living,South
57,2628.833502929633,-10.841755248077739,Groceries,West
61,3877.303835284492,-2.2437012273482266,Groceries,North
37,770.2484655514804,-9.947731644000786,Electronics,North
36,2001.9176047387423,-9.797875183336755,Electronics,East
68,6109.7542042997375,-5.639622824955663,Clothing,West
