Age,Annual Income,Spending Score,Membership Duration,Number of Purchases,Favorite Product Category,Region
62,914.1955490664791,2.680205673986908,8,40.378017029858505,Groceries,West
65,6107.611431556026,5.668970047280254,6,27.257960931839307,Clothing,South
18,17411.867196640098,1.293267044154769,14,70.54010982236943,Clothing,South
21,11982.587988754713,0.0,1,5.985453619393127,Clothing,South
21,1218.1392511520949,0.0,8,41.44457449884239,Groceries,North
57,10635.60927539126,0.0,2,13.879918947565013,Sports & Fitness,North
27,2069.739670321269,0.0,4,16.268058482743005,Sports & Fitness,South
37,7854.0142837224885,0.0,3,13.961065854838084,Clothing,South
39,20305.265630292637,1.8134090506373026,3,16.589841647373287,Sports & Fitness,North
68,12995.61028648892,0.0,18,92.98924522979142,Home & Living,West
54,14592.062066449653,4.9437244844553465,6,27.91223013892473,Clothing,West
41,11700.227099360756,1.6205132990136843,4,18.08591506969291,Home & Living,South
24,11017.517231840558,4.875700813715186,7,35.7001431720287,Sports & Fitness,South
42,5828.702536204849,2.8966967130583297,13,69.98311088646716,Groceries,East
42,3811.0461484006264,0.0,11,53.8015599788281,Electronics,North
30,377.9457421357473,0.0,15,73.39897304881173,Groceries,West
19,40.020805598589845,0.0,13,64.30062339083095,Groceries,North
56,4297.278569139791,0.0,10,51.01527263610881,Sports & Fitness,South
57,2952.7126107424046,0.0,6,31.15750259803682,Groceries,East
41,5431.148670136942,0.0,8,39.22329953734951,Sports & Fitness,North
64,5792.165729386639,0.0,11,51.76482753032566,Electronics,West
42,15591.949807397174,3.4416848325605134,15,74.32149717640495,Sports & Fitness,North
35,3196.7394928769386,3.128429815072428,17,84.7507426908203,Home & Living,North
55,1023.6494617551698,3.427337852375964,2,10.584238980831943,Sports & Fitness,East
43,3263.9774108085603,0.0,15,74.98046357298803,Home & Living,East
31,5629.56721767801,0.0,10,51.13608953389534,Groceries,West
26,1301.676118930472,3.4457353421000256,13,69.00100160424832,Groceries,East
27,2648.588563887964,0.9730233349821431,4,21.483299777917168,Home & Living,West
38,17762.459437316622,0.0,4,21.659145910204607,Groceries,North
69,5686.715398748692,0.0,9,42.41393303290235,Clothing,West
34,7427.004634198513,4.543641316403594,9,40.51580084562575,Electronics,North
69,2669.277363661635,0.0,14,68.6859960560371,Sports & Fitness,West
23,9457.216856124865,0.0,14,70.22373083325635,Electronics,East
33,2869.3674860223605,7.844258061962537,13,64.82214586675461,Groceries,East
65,5367.011707138375,5.654457250476601,15,77.65344809743871,Electronics,East
18,6852.863934733882,5.577439720281272,17,88.06091391129385,Clothing,West
36,6121.753664459262,8.537937660588462,14,69.79088164772055,Clothing,West
53,6890.842741213946,3.1540880013439017,7,32.05614546113507,Sports & Fitness,West
42,3063.1612007454473,7.4430374423091585,12,64.80635769631422,Groceries,South
67,6303.537022808157,4.695115723532732,9,48.452127059986594,Groceries,West
69,6625.81365430277,0.6358125392037679,7,34.5803693693854,Clothing,West
47,1392.8608280188573,0.0,15,72.21279634857171,Home & Living,East
37,1307.7477410192173,0.0,15,74.41710617474233,Electronics,North
37,16742.389745736215,0.0,9,44.96669282211442,Clothing,West
32,14180.833597708834,6.250302197564207,12,61.31826460731488,Electronics,East
57,31534.226073190915,0.0,3,13.00630111305099,Sports & Fitness,East
50,797.4266547579623,1.5166461900041364,16,80.3326578028513,Clothing,South
19,5343.406654462756,3.3354962480477806,3,15.119705264904955,Sports & Fitness,West
27,15060.85236341868,0.0,6,28.373290149741308,Home & Living,West
50,1459.779366239638,0.0,11,54.732480616637055,Home & Living,North
49,1983.251912514006,0.0,7,32.225916624008505,Groceries,East
28,11096.509312279215,0.0,6,31.018267122668195,Sports & Fitness,South
41,1563.2061709139289,0.0,6,26.517427906605114,Clothing,East
53,468.7040865979661,3.0686919751560793,15,73.71190831137562,Electronics,South
29,15528.903263950142,4.461465496019953,3,13.582846034324675,Electronics,South
68,10225.552344655198,0.0,12,63.85961822892935,Sports & Fitness,South
46,8206.417920363952,13.455461805666237,17,85.97457425183559,Clothing,South
52,3246.3565544702146,0.0,19,94.4832961603302,Groceries,North
18,11694.601664074902,0.0,13,67.95984233613679,Home & Living,South
18,12132.075647352765,2.3788514630528623,1,5.242442586309709,Home & Living,West
54,10227.644232875524,0.0,3,15.499652184186544,Groceries,North
23,4583.727731899154,0.0,1,3.1554389124612254,Clothing,North
56,6242.46449851648,10.801911254039904,17,85.1250818433652,Electronics,East
58,10438.587743776428,6.22343265996005,5,26.807123810821324,Electronics,North
35,5676.457831485642,0.0,5,28.10094684781354,Electronics,East
33,17948.83848182566,5.389339835541735,4,20.48818278604581,Clothing,North
22,7785.290576709039,0.0,6,29.342720023304988,Clothing,West
59,22702.800806303352,1.943382904486254,19,94.5806002977176,Sports & Fitness,North
60,3692.505385782037,0.0,11,55.565994105977836,Sports & Fitness,North
49,5259.878013967256,7.203641553771762,17,86.89815772481353,Groceries,North
19,7333.658666606277,3.5724130839399924,14,71.75703969948503,Groceries,East
19,3616.255135639008,3.3358747861240454,16,81.29633520145126,Electronics,West
57,5482.868608380629,3.3108100349739162,6,28.54715002657515,Clothing,North
59,6768.984285033474,5.3213688154843055,10,56.59819121002849,Sports & Fitness,East
53,9487.23571215189,4.790153114817215,14,73.94681350123581,Electronics,North
56,15049.766954999996,5.04724163263949,2,11.403678028426182,Sports & Fitness,South
29,4255.51183417202,0.0,12,58.37919648409748,Clothing,East
64,17711.681095025277,5.36525832601045,3,15.099877279641712,Clothing,West
36,14599.049131475016,1.2584002602707522,14,70.28413645931978,Groceries,South
45,1660.0218167562768,0.0,8,39.66467386196869,Clothing,East
18,4913.194204730816,3.245569679158923,2,8.409011480476892,Clothing,North
32,906.9036861438142,0.0,4,22.155260675173295,Electronics,West
53,1932.7235593977189,1.0842526957538965,19,96.25558652700246,Clothing,East
30,7685.076845978161,11.876726203361718,15,75.33196021474039,Home & Living,North
60,4598.251260386572,6.070931190139564,9,45.09328996755859,Electronics,East
38,17659.27493484312,13.811572787647096,2,12.75629894129135,Groceries,North
29,3685.9836624429063,1.6295211270580972,11,52.953518537952455,Electronics,East
22,1529.2691558238682,0.0,16,80.90438123110002,Electronics,West
24,18200.59840452689,0.0903036084371398,16,80.6709735097614,Clothing,West
22,12632.940482082735,0.0,10,50.50310652131746,Electronics,South
65,3105.592941412554,0.0,14,72.22705596128795,Sports & Fitness,East
21,9568.253428934977,0.0,7,32.36003935092879,Home & Living,East
30,9885.613882986954,0.0,1,5.449756729413056,Sports & Fitness,West
54,6798.91148165629,5.568149596345821,7,37.77543498380291,Groceries,East
58,2662.691003466359,0.0,15,76.33712468477174,Home & Living,North
32,8524.738651987791,3.822498505104293,7,30.298551137097313,Clothing,South
33,21678.796484342492,4.872691078447309,2,11.597709910494153,Home & Living,North
38,5751.769385873151,0.0,15,76.62000813070344,Clothing,South
53,4433.608723502761,0.0,1,0.0,Electronics,East
41,15425.819489248885,0.0,15,75.78362582770802,Clothing,West
33,2225.6812249850313,5.718114857497479,8,40.12958777926296,Groceries,North
31,2926.8002531915618,0.0,18,90.65965284003948,Sports & Fitness,North
39,8515.675202994807,0.0,8,40.56762807447001,Home & Living,East
66,1644.5805166007785,0.0,2,8.715329798615844,Sports & Fitness,North
67,1824.8470196924795,14.953358624264698,6,32.67758265109007,Sports & Fitness,South
23,11120.577825607448,0.0,6,33.49580401872632,Sports & Fitness,North
59,5818.588279759913,0.9470402822255318,7,33.311076190436616,Sports & Fitness,East
53,13432.707554258777,0.0,14,67.92426963376361,Electronics,East
18,6704.638551300122,3.6622459850939992,13,62.45246648464646,Groceries,North
49,15349.276747449365,0.0,10,51.50208407256826,Groceries,South
23,11654.206369982126,3.932898774425616,14,66.21510140831961,Clothing,East
48,3861.3549948669465,0.0,10,49.99057531724577,Clothing,West
18,15681.996219840808,0.0,5,21.870325026005908,Clothing,South
67,11490.581277652887,0.0,6,30.12070857725657,Groceries,North
68,6056.621900393534,6.978865399166004,12,61.969169945476615,Groceries,West
54,5306.464238641724,3.5396469344212127,6,28.713565433740484,Groceries,West
52,15842.32812701807,6.919131694857415,9,42.98422037325917,Clothing,East
66,15628.006457755786,0.0,9,43.84302315685573,Electronics,North
47,2235.8770157890467,9.076110210492383,3,15.331394737775927,Sports & Fitness,South
21,2966.5470713459504,5.783482855509851,15,77.67935207763765,Groceries,South
52,301.18913463710135,0.0,2,10.69996747990161,Groceries,South
60,3460.0766111783187,0.0,14,68.707613439672,Home & Living,East
31,19421.72779885494,3.680926843979048,2,11.37155716125348,Groceries,East
66,11162.310792353945,7.40189807892133,8,37.35602834174252,Sports & Fitness,East
57,15405.411873375686,16.515278156583495,13,67.45533770464613,Clothing,West
39,10748.467411981996,2.697895871548872,10,50.484729486931414,Home & Living,South
27,15095.678695856657,4.426785799396247,15,74.22431901747849,Sports & Fitness,East
18,4167.0470478688785,4.419238699846845,13,63.69817465334746,Electronics,West
28,1494.7668115328238,3.2614000168291293,17,85.64909913023445,Sports & Fitness,West
68,9951.145752242715,0.0,4,20.639458893409547,Groceries,West
61,9520.821818316444,0.0,3,18.348053753929516,Clothing,West
41,8227.800833446727,3.974094298886496,2,9.674829496271524,Sports & Fitness,West
20,15672.965142166377,0.0,18,86.60625075737241,Home & Living,South
52,3214.21703918644,0.8135924092647494,12,56.81338654128715,Sports & Fitness,West
53,9629.272500022113,0.0,17,85.15647185746504,Home & Living,East
48,10502.730925149654,6.42568840208806,10,48.20422942695054,Home & Living,North
21,13551.558482712091,3.415739337272186,17,86.87087659602643,Sports & Fitness,North
36,61.204311496641026,0.0,4,17.283115441599534,Home & Living,South
64,3008.7614649628567,0.0,10,52.129170475369115,Clothing,South
53,13291.018101375797,0.5387226163378198,16,79.44354745222779,Groceries,North
38,4863.451621800904,2.994296125313775,2,9.212815049554887,Electronics,South
35,162.77540395873734,0.0,5,25.83753018225538,Sports & Fitness,South
68,3454.801769098017,0.0,13,68.22141343106917,Home & Living,East
45,1377.7310601173908,0.0,13,66.37290175823567,Groceries,East
32,6391.87331801563,0.44265956788402117,3,13.014193586753965,Home & Living,West
59,9021.783826781579,0.0,15,75.07593806309251,Groceries,East
19,553.284001124723,0.0,19,89.33954198410026,Sports & Fitness,South
54,3566.8542393986727,0.0,3,15.273941301412037,Home & Living,East
28,1262.2100222046156,4.438751755023517,4,22.115405462894376,Electronics,East
40,10921.740579132183,0.0,1,1.4711368415307668,Electronics,East
61,4249.4608740258445,0.0,17,82.75004886617653,Sports & Fitness,South
58,342.6413332403715,0.5556237435130983,15,73.56553152994799,Home & Living,East
29,6081.235379884645,0.0,4,18.31455245233387,Sports & Fitness,West
20,13895.307550798705,3.2751907744472,1,6.714675491306709,Groceries,East
69,9690.657254162385,0.0,12,62.64570242722014,Sports & Fitness,South
34,7664.619681399593,0.0,17,84.50234103813754,Electronics,South
50,3083.016335068532,0.3467071438470808,9,45.94275048583115,Clothing,East
18,4969.234153488467,0.0,10,48.98706690241195,Home & Living,South
56,8666.94001087299,0.0,3,15.04092388807999,Clothing,East
37,16856.549653242975,0.0,15,76.1117614999461,Electronics,West
64,21219.43865634809,0.0,11,53.62613422895401,Clothing,North
60,20059.842001703953,7.5225028696155185,5,24.762762693574324,Groceries,North
69,18153.56715542615,4.104339051704647,10,49.91758689753989,Clothing,South
58,12067.168066572638,0.0,14,71.1704740214216,Sports & Fitness,North
31,15457.831146116172,0.0,12,54.32720076691288,Electronics,West
48,10237.585804275466,1.1624607889488277,9,44.860911405368924,Home & Living,West
42,7626.079723444327,0.45480978286681617,6,33.06775192975502,Electronics,East
20,479.7031024664341,5.1621913234398304,9,44.77808471836696,Sports & Fitness,South
21,1007.0239740457114,6.656619857204259,3,16.029045862330634,Electronics,South
48,50.440204315054075,8.82215590763888,13,67.03834712195517,Clothing,South
52,10920.25255883265,0.0,7,38.657478796744684,Clothing,East
61,14575.871947908565,0.0,17,86.26059529840865,Groceries,West
31,14492.521995207133,0.0,18,91.94397162674417,Sports & Fitness,West
66,6797.32169477966,0.0,4,21.633426025620206,Sports & Fitness,South
58,7407.534123545785,1.5966808293040957,5,26.721258188682857,Home & Living,East
26,4813.532310753909,0.0,11,54.31827617552037,Home & Living,North
37,7494.675725501247,0.15195819516349307,18,89.21313702582145,Home & Living,South
49,11817.42657097055,4.461258124204317,19,94.11230446314026,Sports & Fitness,North
26,2473.310228722232,1.593340250850023,5,30.00629251197811,Groceries,East
44,6987.410750584821,1.8252285633957497,16,78.53420672107566,Home & Living,North
20,7416.097272032351,0.0,18,91.08082353531535,Clothing,South
21,5308.242920235968,0.8253517457220116,14,69.53999529933196,Home & Living,North
62,13874.697547803908,0.0,17,83.15098175473577,Home & Living,South
32,8136.878347602718,4.543222948698521,9,45.23154420051308,Sports & Fitness,North
50,10041.462725677928,0.0,14,71.41842870912444,Electronics,North
22,4605.86584399801,8.643582785586547,12,56.87535802223541,Electronics,North
21,3855.348439476972,0.0,3,17.6406724492935,Clothing,North
63,1752.2544937483283,0.0,18,90.72727797859496,Home & Living,South
29,16922.141212864113,8.499990170022551,7,36.295242847727714,Clothing,North
40,1897.816568364601,0.0,3,14.545743547117986,Clothing,North
31,159.13007414614793,16.194619020087334,12,60.7540492323346,Home & Living,West
63,3716.892100943025,7.046742691646957,15,75.8273721084946,Clothing,North
29,5727.862193330217,0.0,9,50.07955148315452,Clothing,West
34,10596.701295776362,5.404958080436135,18,90.35859354819827,Groceries,South
42,23379.94010041167,7.196121958074826,8,41.98765051560118,Clothing,North
47,12593.642054690692,7.983967595094493,10,51.19905541932507,Electronics,North
39,2502.859886157472,0.0,12,61.629122195690535,Groceries,South
64,10378.287024953148,0.01802118507309247,5,24.0422789803635,Sports & Fitness,North
43,17888.08606851754,0.5294816634857795,11,59.00776667966501,Home & Living,West
34,5879.535964036915,0.0,3,13.868116755505199,Sports & Fitness,West
37,2843.836664711197,4.257368658351135,8,41.653679646454336,Home & Living,East
51,384.7604213168438,0.0,8,41.6878009962282,Groceries,North
58,9689.699852053353,7.657865284278456,1,6.862597914009745,Sports & Fitness,East
50,1295.1447945060272,2.8018126343715415,5,27.662113975562043,Electronics,North
54,12402.24092495206,5.285476190911821,11,54.96612275973306,Clothing,West
24,6762.935309260704,0.8116084044156764,9,46.402715991554196,Home & Living,North
39,15229.422763220922,1.2732297916092896,13,64.92942917973325,Sports & Fitness,South
49,10740.274698612131,2.445029856009291,7,40.068217697046734,Home & Living,East
31,50.66072103684701,0.0,3,15.40382742186894,Clothing,North
25,9223.843697494003,0.0,12,56.90335144859959,Groceries,West
42,14400.664837826465,0.0,13,65.17973739353098,Groceries,West
33,5954.789575311948,2.35879858853589,16,78.78348478016946,Electronics,North
59,6592.988913898956,0.13075737308698787,9,47.19882542373957,Electronics,West
36,11020.01094368113,0.0,9,42.08872117050699,Groceries,North
58,5715.679533198288,0.0,14,67.818514878587,Home & Living,West
33,13384.803222252436,0.0,1,1.3889047239463892,Home & Living,North
29,7448.788278090254,7.796204624248856,1,5.327275034200681,Home & Living,North
56,17541.95175867366,7.35301803933624,16,76.51859335365197,Home & Living,West
65,4137.869474559039,0.0,18,88.00422316824029,Clothing,East
47,6628.980937136264,0.0,13,64.28862576268519,Groceries,South
19,6186.50380816922,1.6537591572072055,17,87.57320145040768,Sports & Fitness,South
49,9312.004836491895,0.5019421321230294,12,59.82473025512692,Groceries,East
62,21931.293074922432,2.135095402719264,16,80.73438456364066,Electronics,South
42,4740.59394664616,0.0,1,3.656348744538291,Home & Living,South
42,8693.376860107574,0.30601177740566876,15,77.0807796920336,Groceries,West
21,10554.576657711033,0.0,5,24.559598490859585,Home & Living,East
36,2842.95406783307,0.0,19,97.82199840127302,Home & Living,South
65,2074.7477676116,2.1939190846329617,18,88.23563222572535,Clothing,North
21,3918.0559929204064,7.9308794178129345,9,47.686980420759696,Clothing,South
60,107.92580893176705,1.6334573803654109,5,20.608454283553474,Home & Living,South
30,237.90003087776876,5.718531261065941,11,55.74913044587692,Groceries,North
56,19384.008431220238,5.353579193095634,2,8.310866071102891,Sports & Fitness,West
53,8464.696812979026,2.4375930289644105,2,8.824279389699134,Clothing,East
40,9.004741398916394,0.0,15,75.31672914801098,Sports & Fitness,West
23,7219.256177536338,0.0,19,94.65349956784242,Sports & Fitness,North
41,11540.223665793888,0.0,4,19.181130839047928,Home & Living,East
61,4575.465358385138,2.124675103285246,17,84.989227411189,Clothing,West
50,7610.013976215889,5.462671369833059,6,32.98102195773643,Home & Living,North
29,16436.08924665884,0.0,4,24.681698178801376,Clothing,East
58,1489.928779022236,3.2352555904185576,16,80.35213009568483,Electronics,West
38,12467.52061501018,0.0,14,67.71770850107148,Groceries,North
28,3834.7602492611254,0.0,9,42.847650473268594,Electronics,North
61,1964.0436750819156,0.0,8,40.26437117489718,Groceries,North
55,1510.7929558261362,0.0,12,57.84663694449024,Groceries,East
46,13516.372022605128,0.9254241575608826,9,44.88450350424067,Groceries,West
65,10216.666480979722,0.0,9,43.36228647757886,Clothing,East
58,6216.171067847646,0.0,19,97.11022894149333,Clothing,East
20,6434.166730624322,0.0,6,28.705132104363724,Groceries,South
45,7864.910649216054,0.0,7,36.61675713263827,Electronics,South
37,683.8533805769517,7.394891327150214,6,30.262089649742364,Sports & Fitness,North
43,15525.623444882938,0.0,12,58.07421709995743,Groceries,West
41,6437.935360260229,3.964704304549653,16,80.86953389931784,Sports & Fitness,North
69,15948.174893983454,3.992296005450053,13,61.89515343167271,Electronics,North
64,8279.5928403775,0.0,5,25.032464246651422,Sports & Fitness,North
38,1080.0428083121553,3.0769313831349034,4,21.833848692271097,Clothing,North
47,3052.882839260323,0.0,19,97.51186202237963,Electronics,South
21,1293.9113755058534,7.436152855776061,18,90.4905146475954,Clothing,North
53,7565.247364865896,1.5867411887619753,13,63.816447385608456,Sports & Fitness,South
57,5047.250857275045,1.5878137781446557,13,64.71614803066737,Home & Living,West
27,1431.4476930131705,7.5387350783699105,1,7.612979533549199,Electronics,South
27,2981.48624419279,8.218794484026905,1,4.806795637768677,Home & Living,North
59,7266.807115245234,2.00035699708081,7,35.839700185860806,Groceries,East
41,8205.761666929677,4.716915460290524,4,20.486438443625214,Home & Living,West
21,8587.717002031017,11.237243717961999,10,53.34881006747194,Clothing,South
64,8199.685390182742,3.799814849822902,9,45.4888642198808,Clothing,South
44,11672.804345167526,0.0,4,21.305770404746962,Sports & Fitness,East
68,13877.229511808819,0.0,11,56.08792454252679,Sports & Fitness,South
62,7577.476918922084,0.0,13,68.22895648885634,Groceries,East
21,15319.945698683354,10.27729602553921,9,45.18508695482271,Clothing,North
49,5890.993752041558,0.0,7,34.754484009728124,Electronics,North
27,1442.3389040004706,0.0,8,36.10735834764899,Groceries,North
28,41.22524425505901,3.5318537608703098,19,92.35299392224259,Home & Living,South
45,12175.878773856413,5.208447349937288,16,79.60432614364697,Electronics,East
63,1660.3531757361482,0.7532656597204526,5,26.028166932382142,Groceries,West
25,11839.840857688816,0.0,12,60.65995283835808,Home & Living,East
57,6162.467593396608,0.0,12,61.51827410567933,Electronics,South
39,23990.974136072982,0.0,13,61.81067433141972,Sports & Fitness,East
51,1883.0437145664305,0.0,1,3.9451592083680973,Clothing,South
62,14059.191869245189,0.0,6,30.682638164594064,Home & Living,South
52,3663.914940125521,0.0,7,32.4845051849231,Clothing,South
52,9189.042625774598,2.30968940339718,14,73.27354478938439,Home & Living,West
42,12480.02488363719,2.443349337707107,6,29.120549281820256,Clothing,North
51,4254.120505142394,0.0,19,94.44997300257823,Home & Living,West
23,18353.76199082756,0.0,13,66.0948797549487,Clothing,East
58,7351.260197697018,0.0,15,73.08922657495971,Sports & Fitness,East
54,9905.421270105124,0.0,4,23.70644080335023,Clothing,West
18,6236.2789745512555,2.3219879891899744,10,50.46892886358211,Home & Living,West
29,14914.781147795502,0.9623127484300087,6,29.158477474724805,Clothing,South
52,9336.801290215788,0.0,2,8.214224068797375,Clothing,North
23,340.91950616933843,5.791110107199258,2,10.457881589958289,Groceries,South
34,237.16708036743614,1.993399289809795,1,6.136857468320031,Home & Living,South
26,15515.18073753462,6.453914536273669,16,85.18040220990311,Clothing,South
19,278.3483537005715,0.0,11,56.46942681457547,Home & Living,East
35,6073.0335847253355,0.0,13,65.0011729845343,Groceries,West
66,486.41633542272484,5.2016622054278425,14,71.2430154168413,Home & Living,East
53,2453.240479443975,2.683405720257586,4,21.553744798902873,Home & Living,North
45,1934.1903862212225,0.0,11,51.908508408402135,Home & Living,South
58,8034.170690373392,0.0,10,50.968040184305316,Electronics,South
54,527.8887405278276,5.54894115696975,6,28.520467142952832,Clothing,East
66,5964.630616488126,9.504348571102824,14,69.74492270972031,Electronics,West
43,13054.06150444339,4.669257819659841,9,47.900272692131296,Clothing,South
21,5174.949213984303,1.6884516890276482,18,95.04279294141719,Clothing,North
57,6857.536463450823,2.1404422318615266,14,72.7218742385079,Groceries,North
53,440.43585475851853,0.30083453572503605,4,19.11047155302367,Electronics,West
68,6146.162170065782,0.0,1,6.815644250763073,Electronics,North
48,6378.555045325739,0.0,15,77.23383404774287,Sports & Fitness,South
47,1821.9922344762908,1.8624493819783794,15,73.98039825839832,Groceries,East
67,1424.4562603825675,0.0,7,35.00706582967761,Clothing,East
51,5199.337504372386,0.0,16,79.93669847606257,Clothing,South
36,6449.124312886578,2.423796787067336,6,24.673879517504872,Sports & Fitness,South
35,17212.728647650896,1.0627352756563009,1,4.87155110908442,Clothing,East
47,8439.861561292468,9.79909888317973,8,40.95520613150271,Electronics,West
38,14162.372351563457,4.722876885877978,8,37.944953020031356,Sports & Fitness,West
20,14006.055035755327,3.1130730204887147,18,91.8992185434466,Sports & Fitness,North
23,19285.31218292028,0.0,1,5.009318504695049,Clothing,North
55,13829.044548759712,4.993737246244881,16,79.27608841946594,Clothing,North
30,3801.933545547832,3.157019670154772,12,60.393013561580794,Sports & Fitness,West
62,440.7153310776997,0.0,12,59.571575698633204,Electronics,North
20,9920.847191439938,1.6810189706026057,19,94.5014799924118,Clothing,West
65,8785.448114669194,1.5306727743155284,12,60.21223709578493,Clothing,West
45,26396.914955272998,0.7935453232443979,7,32.98628348570873,Sports & Fitness,South
39,5101.79941303807,8.463306393244615,8,40.582412279917634,Groceries,North
57,7266.083752688716,0.0,4,20.70130723399175,Electronics,East
57,761.865049232141,0.0,6,27.83432482273467,Clothing,West
29,23072.42440116233,4.217235862853207,18,89.79896862375998,Clothing,East
40,14697.449155190305,4.671908648396402,1,5.648323599831456,Groceries,East
48,4152.015724370448,0.0,12,60.82792971499026,Clothing,East
35,2778.080673724281,0.0,2,8.870861407521636,Home & Living,North
24,2651.822571890764,0.7328903908718037,19,92.84162354591882,Sports & Fitness,East
25,14594.458984096802,0.923448256934106,15,74.76381421072638,Clothing,North
36,3730.693004024769,0.0,19,94.83362513077931,Home & Living,North
46,4678.469862077778,5.007748485496035,10,53.85343101227153,Clothing,South
61,5593.761352747053,0.0,7,34.749683498353875,Sports & Fitness,East
37,7946.835696504713,0.0,5,25.256830824367007,Home & Living,North
67,18251.905037905053,0.0,12,59.56194700878361,Home & Living,North
59,494.81599350377496,0.0,18,91.07180822237862,Sports & Fitness,East
47,3725.608933348686,0.0,1,4.121211541193198,Groceries,East
64,7127.123608306957,0.0,12,60.01989479669737,Groceries,West
39,8731.753640308183,5.12198605281518,19,93.7730141587171,Sports & Fitness,East
27,4148.581292607125,0.0,9,46.39229507282765,Clothing,West
43,3964.1354126731303,3.516468244289855,3,15.836693535362427,Electronics,East
68,2116.9946921088613,0.0,19,96.24904055072962,Clothing,South
50,11665.586769949641,0.0,7,33.035849430458875,Home & Living,West
45,6765.664564057799,0.7382393696398358,15,73.29624197711023,Electronics,North
27,2597.296846504825,3.1103543090395944,12,61.216490509520796,Home & Living,North
46,5163.7287561218245,1.613955437682097,2,9.173003943904032,Home & Living,East
61,2011.7001823970077,0.0,14,66.61519783167812,Sports & Fitness,West
35,15452.682592087476,3.587755541254004,14,69.42517350868114,Groceries,North
59,5516.78508249673,0.027673331717408378,2,12.621637496624757,Groceries,North
18,1819.7530528083244,0.0,11,55.7472884238857,Groceries,South
40,11033.24462948802,1.5865036558186496,14,70.86183930213537,Groceries,South
34,661.3527296643797,0.18949808085795022,15,73.46738840345475,Electronics,West
60,1667.2382504251477,0.7117941303904423,1,7.45098673878973,Groceries,North
54,4870.881937127598,0.0,12,57.76818482951037,Sports & Fitness,South
48,18537.164607135725,0.0,8,43.17920065288378,Clothing,East
42,4460.259149481779,0.0,4,20.84886561657026,Home & Living,West
21,10183.55507435187,3.314271123936644,15,71.76707666509066,Clothing,South
69,7704.882090969153,0.9816980106147531,1,4.585220180160479,Electronics,South
26,170.24589825126236,8.108749256362241,9,45.98951985696052,Sports & Fitness,East
45,13363.972562134955,0.0,4,19.536896218336114,Home & Living,West
47,12085.370038389301,0.0,12,59.74059221964874,Electronics,East
64,10627.58054569282,0.0,2,7.71931335914466,Sports & Fitness,West
41,885.4282028941914,7.396287999570604,7,37.21937885200992,Home & Living,South
50,9140.517753163258,4.851630239517049,15,76.115775912946,Groceries,West
37,4461.462852913458,0.0,5,22.357863113065648,Home & Living,West
26,19866.020412590457,0.0,11,56.02365909796339,Electronics,South
25,21.9571645468792,0.0,4,24.110041490110977,Electronics,West
41,9754.856557551231,0.0,16,79.36384508409509,Home & Living,South
31,960.8998075167701,2.3308237979719353,7,36.48444265074306,Sports & Fitness,South
35,1684.1151790304075,0.0,12,58.35782142822257,Sports & Fitness,West
18,3154.9990444544696,0.0,3,15.271356187442711,Groceries,West
29,20200.777634206017,0.0,4,23.17764667075079,Electronics,East
46,13389.306112300455,2.2453995617885605,18,89.45295657467204,Groceries,North
54,2958.603232917653,2.129279292284153,11,56.21868579749594,Groceries,West
43,13674.122131710947,0.39338694724794776,1,6.962500473621846,Sports & Fitness,North
50,14752.645172414794,8.194497736836766,7,36.00357432961242,Groceries,East
60,15406.084821567647,0.0,2,11.839118752944277,Clothing,South
32,4932.748850569342,0.0,15,76.22349396963409,Groceries,South
40,17379.74525470605,9.186610862027313,4,21.67303483902296,Groceries,West
46,5448.207964621333,5.737892684741182,18,87.69327188304324,Electronics,North
38,2924.329132356226,1.3505659606353673,8,42.4509037256716,Home & Living,West
36,12147.396275756048,7.154188380310985,15,73.15123989100096,Groceries,North
22,15905.212886421185,6.465749179717303,12,65.24823736775632,Groceries,South
40,697.2336071375797,0.0,14,70.82909358338188,Home & Living,East
53,1500.3459529958714,0.0,1,7.860976838607867,Electronics,West
37,9920.402872204577,2.142884461074696,1,6.63814720474326,Electronics,East
25,772.5637338321283,3.681732693037091,19,95.12626678808549,Clothing,East
26,2696.7068575814133,4.099877531346134,18,91.56936100316015,Sports & Fitness,South
31,4944.336657736183,1.4467199500040842,10,49.35994894217851,Electronics,South
23,4697.307328179304,1.283044258597529,6,32.92636179525149,Electronics,South
18,2616.033016420307,0.0,13,62.239500179973724,Clothing,South
26,6017.0198329532,4.87009776763304,18,91.49435543251262,Home & Living,North
33,19347.56725881478,4.454824919833035,4,16.972383655881362,Electronics,East
33,3034.0972165160733,0.0,4,16.954301923726522,Electronics,West
29,12619.557496428795,0.0,3,14.167975284670216,Groceries,North
22,7674.885444391417,7.290970677628189,6,33.824838096792035,Sports & Fitness,West
57,3354.9925219603383,0.0,7,36.52749369560613,Home & Living,South
46,5027.237637324176,0.4633356615270037,9,46.388429035508494,Groceries,West
63,4390.784967002808,0.0,1,2.8398246139409804,Sports & Fitness,North
44,5190.408512039861,0.0,13,60.87762941783778,Home & Living,North
28,12584.287600097154,0.0,7,34.68591224936181,Sports & Fitness,West
64,24492.905795322404,0.0,8,40.01310529723178,Home & Living,West
67,11001.771471051368,3.68905109290957,10,51.213145694548345,Electronics,North
45,534.318999757454,0.0,7,34.25837108708818,Home & Living,East
69,3933.6656546226204,0.4370593690485412,6,29.774427722790293,Clothing,South
53,11358.489765478316,3.703701443772229,5,25.536542076000046,Groceries,South
59,14797.657816045217,0.0,8,39.74946116143403,Clothing,East
36,9616.340361477583,5.351669514589543,16,80.60568561908232,Sports & Fitness,East
52,9782.605409359712,0.0,4,17.530794752139286,Sports & Fitness,East
69,4825.862740435699,0.0,8,40.249486841300666,Clothing,West
48,10748.267593733794,6.434564783162039,9,46.31659565078877,Home & Living,East
61,8968.627961383972,12.00960511055768,19,98.27318243747368,Groceries,South
36,11658.178477321044,0.0,15,75.36366710425999,Electronics,East
63,3361.3909197620515,0.0,8,38.87744442950948,Groceries,South
41,7346.747550099828,5.4725517073824035,3,16.164626301813705,Groceries,East
19,13566.15299734145,0.0,3,16.03605143408522,Home & Living,South
24,8304.416470279826,0.0,17,85.66428728862557,Sports & Fitness,North
60,11639.511927017462,3.0126864778752775,14,68.75295462597488,Home & Living,North
66,10380.28369582947,0.4528060054640237,14,73.20674983249963,Home & Living,West
48,2092.1634526042235,0.0,2,12.664470129143286,Electronics,East
34,2440.5029629050723,5.54180767008208,14,69.25625901768477,Sports & Fitness,East
44,10115.575583985375,0.0,11,56.9587670673748,Sports & Fitness,South
53,7416.140414560379,0.0,14,67.69132806016465,Electronics,South
67,6492.796732439206,0.0,7,33.88097312677852,Groceries,North
60,20534.93606750414,2.986638105148203,19,90.7122295974884,Sports & Fitness,South
27,11042.875060203225,0.0,8,37.82146848653957,Clothing,East
62,1060.7452783187139,0.0,14,69.68754064663044,Clothing,South
31,15521.44952833216,0.0,4,19.495126037034897,Clothing,North
24,9484.433616349095,0.0,11,55.29180503135826,Groceries,West
56,4295.033199157591,0.0,4,17.965321876380308,Clothing,West
57,3890.1120343640723,0.0,6,28.874315702699235,Electronics,North
26,5948.357323123067,2.461220669630659,6,28.227523444282628,Sports & Fitness,North
31,7806.077192014401,3.998006983271544,2,10.979844600298671,Electronics,South
25,9077.015084675217,0.7313077005043326,19,97.63272506126998,Sports & Fitness,West
34,5730.09161466326,0.0,1,6.366864576546499,Electronics,West
40,13460.412129329068,0.5482245155537359,13,65.11506086915892,Electronics,North
33,4950.450016738508,1.931117517740222,14,72.17383113402383,Home & Living,East
43,9236.804086757551,0.0,3,14.676548421085549,Groceries,East
26,5659.462454740456,6.916648482109862,19,92.02847293777123,Electronics,North
53,927.6470867584146,0.0,17,88.01268275228044,Groceries,South
24,2869.3570634481102,0.0,4,21.43168701620924,Groceries,East
35,8825.759870384409,0.0,13,64.45367218394438,Home & Living,North
25,2437.210400925483,2.3698030237728065,9,42.07830530998574,Electronics,South
38,154.61792721163192,3.1541411510258777,4,21.145458976414584,Electronics,North
43,1976.9044984050474,0.0,10,46.689250195194,Clothing,West
20,1352.5604094370692,0.0,13,65.25759004798795,Groceries,North
34,3414.680066667914,3.1904020870354692,18,89.28377381388061,Home & Living,South
68,11610.522753544454,1.5519071197464052,12,59.43125781266157,Groceries,South
63,842.6972721567838,1.5953957524470077,16,82.22878103925197,Electronics,South
41,15667.13258588051,0.0,1,6.3938283834943395,Clothing,South
42,4387.578764780796,3.8084898397121827,14,68.62192634010032,Electronics,East
22,10108.552146105581,1.2716582855485,7,31.706642798230163,Sports & Fitness,West
54,9906.634675931342,3.6600813887067356,5,22.88742722709833,Clothing,West
62,11604.72764192924,0.1178066223020704,2,7.858298799637712,Home & Living,North
67,2921.1145770547855,1.054194062405507,4,22.01238830213726,Home & Living,South
41,7536.58182214529,3.0554039194139593,10,50.515384620655084,Groceries,South
48,16171.420354547565,0.0,15,79.1912126477514,Groceries,North
43,6970.456698048275,7.625934150860273,19,98.49378055148738,Clothing,North
38,8718.775197441111,2.1936233925934117,15,73.38154903606902,Electronics,South
51,10711.481784898808,8.403173095821462,19,94.31970171599482,Clothing,West
55,6309.231674786414,0.0,10,54.94870540330208,Sports & Fitness,East
41,4985.929582502585,2.577591355720029,3,13.326127679249208,Clothing,West
45,3637.385533231246,2.5838381396823022,11,56.78102973448714,Clothing,South
47,7209.396148382136,4.8720689429364095,18,90.22209838347024,Sports & Fitness,West
51,6463.192779665209,0.0,2,12.65553925234844,Electronics,East
69,9509.476861275278,2.5388435996690566,18,89.94113482912564,Sports & Fitness,East
69,13141.843882436684,1.1388490182482156,15,74.44061606579791,Clothing,South
40,11093.257135823007,0.0,16,78.75787383371315,Groceries,West
25,10929.037115841977,3.1871793260932852,19,96.7798596848653,Home & Living,South
59,7153.792221197011,0.0,19,97.8342498076956,Electronics,West
67,9392.230920863452,0.0,12,63.85044157566447,Electronics,East
27,18523.28195568101,0.0,6,28.704149145525825,Sports & Fitness,West
18,4672.361003251448,2.5157864245154657,12,60.90073951319103,Groceries,South
37,4655.7851033683255,0.0,7,35.442511108924656,Clothing,North
54,11486.611501615109,0.0,10,53.998248802017635,Groceries,South
35,7381.137942334676,11.791811586675292,12,59.5069589789561,Sports & Fitness,South
38,11648.484273251286,1.8883327766244848,16,81.52729515205235,Electronics,South
66,15181.341126109077,0.0,13,64.62847220282443,Clothing,South
21,14457.513696632719,0.0,13,59.905300985399116,Sports & Fitness,North
60,10167.936686998555,0.0,14,68.90015578200052,Home & Living,East
19,19685.54758543675,1.1823418493186557,6,32.015980273456485,Home & Living,North
38,3323.7068208363,0.0,19,94.05715270766959,Home & Living,North
54,7614.675518060867,5.07058840058096,10,46.431741593938405,Electronics,South
22,12587.110995248633,1.2666769174037766,9,43.82161748258046,Electronics,South
34,3023.6439705635285,0.0,9,41.58170242298004,Groceries,West
66,416.58652692035776,0.0,9,48.149071160595284,Groceries,South
65,3093.5256968234794,0.0,1,2.6104401917500453,Home & Living,North
28,1957.4332066934599,5.463443375759291,1,3.8054689787842984,Sports & Fitness,South
63,1465.4718396787896,0.0,13,66.00722560784673,Home & Living,South
58,7566.842837306482,3.931902542388003,19,94.94924342537692,Clothing,North
48,975.9316520900476,0.0,16,81.67794264067018,Clothing,West
45,559.5370107075521,0.0,13,67.50383026688729,Home & Living,East
61,1576.4329751556224,3.92245084848151,18,89.72389473491978,Sports & Fitness,North
49,892.3130078979527,0.0,10,50.187373876723164,Groceries,South
38,2917.611090232425,7.965017831352294,14,72.66236670494271,Home & Living,West
24,15991.647835851385,0.0,3,13.282407710797223,Sports & Fitness,East
27,6403.798366164592,0.0,1,4.115347501665089,Sports & Fitness,South
45,3365.3977276979904,4.4878098839181275,10,50.440989750401634,Clothing,North
65,10389.894378855472,6.25747431071259,7,38.01903202416978,Groceries,East
53,15767.729091345886,0.0,4,20.18245652245282,Sports & Fitness,South
37,260.2697531102716,0.0,7,30.169990997731325,Home & Living,North
30,3553.980745703024,0.10797699763444657,2,14.007347258432766,Sports & Fitness,South
36,19516.476036375352,0.0,2,11.103099184537745,Home & Living,South
67,9188.611471845688,2.1841795398704824,6,29.448053273355352,Sports & Fitness,North
28,5659.58641834499,2.965393467704811,2,11.047139306112198,Clothing,East
52,22934.567401195614,3.8010779221024995,2,10.999162643912305,Groceries,East
51,13042.941476009812,1.6526457884344905,4,19.620667968961946,Sports & Fitness,West
61,17281.347384447934,0.0,6,29.628822355238164,Sports & Fitness,East
21,5496.325775644092,0.0,19,96.06350961292846,Clothing,North
30,10310.726196948095,0.0,2,10.510825696609283,Sports & Fitness,North
54,6809.762276835997,0.0,4,20.116423249672074,Electronics,North
19,7111.953932235877,0.0,14,71.69391298266461,Electronics,West
67,4233.234786262116,0.0,3,13.359174862236447,Home & Living,South
18,218.02876125578325,0.0,16,80.60107891479599,Sports & Fitness,West
57,7870.441685414018,0.0,12,60.58748074363316,Home & Living,North
42,9914.749963004375,2.7923467520021203,2,6.782263004860386,Sports & Fitness,East
54,2263.212501747483,0.0,10,49.91325256286552,Clothing,South
53,2814.5398370776816,11.333499362659461,10,53.21595768660911,Groceries,South
23,460.1039558575463,0.0,12,58.78394076804784,Groceries,West
24,2874.0585692301584,8.833777692162512,17,86.13702896822728,Home & Living,West
21,2390.960246853739,0.0,10,49.982366813389646,Electronics,East
52,6955.231406552111,6.283340796070766,1,6.710279355739339,Sports & Fitness,West
58,6889.337269974783,8.606622351147816,5,24.945837579671437,Groceries,East
51,10007.732381575843,4.473308864593018,12,58.51728763557393,Home & Living,East
46,6702.978437966326,0.0,4,17.725725044869854,Sports & Fitness,South
22,3053.1389490154547,15.03155525534068,13,66.58687820287828,Clothing,East
44,6658.41427894464,1.9036847334910252,3,16.885447710366545,Home & Living,East
50,4596.142930544236,0.0,1,2.2370256241659177,Electronics,North
63,9298.517960131812,4.418145450416566,5,23.581538874976,Sports & Fitness,South
69,5047.678644269311,11.241246457990442,11,57.34370246198809,Sports & Fitness,South
27,18559.03735545101,0.0,4,17.61931057080757,Groceries,East
23,19865.400682958483,0.0,12,58.071278289662374,Groceries,East
51,6206.724048666533,8.913323682468219,10,51.24403445041115,Home & Living,North
25,6707.80931354631,0.0,6,30.18181153234035,Electronics,West
48,5914.528788220367,0.0,2,6.312169357738867,Groceries,South
26,2388.0770083507355,5.386871350526289,4,22.09987543027864,Sports & Fitness,South
38,9577.907808839695,0.0,11,54.87548499643324,Home & Living,North
25,2285.4892142804056,7.054598393876254,17,83.19122694451241,Home & Living,East
21,14333.249867369077,0.0,2,13.06797644201617,Electronics,South
39,11732.95550547172,0.0,4,19.927007506509387,Groceries,North
45,22776.08773188545,2.2467759360776522,14,67.43823457107904,Groceries,East
62,5472.3743745175325,0.3506687722077654,5,25.294759128135613,Electronics,South
21,11449.175371103584,0.0,9,44.282082408117006,Sports & Fitness,North
56,13255.865802267905,0.44147910906566223,6,30.684799124068125,Home & Living,West
38,4811.5060633115045,0.0,11,53.82406902641954,Electronics,West
25,8124.526112338992,5.481003186475208,1,5.622414180580289,Clothing,North
37,8579.88565703023,0.6859228832582347,4,22.9846451024651,Electronics,East
49,9806.810163168806,2.061321008522256,9,42.98661597061302,Home & Living,West
18,8036.631351332964,0.0,14,70.15607333991194,Sports & Fitness,South
23,8505.050975616923,0.0,1,2.73360178208379,Clothing,North
45,15846.600680722964,0.2083175759244904,11,56.781738894950806,Clothing,East
61,1897.9237845872399,0.0,6,30.167072958287964,Clothing,North
48,14391.790751338216,4.920439270496731,9,43.86098979351197,Home & Living,East
27,11210.977764572297,0.0,14,69.87091328801061,Electronics,North
37,1357.9100697029462,0.0,3,14.10091421163101,Groceries,South
25,5240.007174701008,0.0,1,3.5813502470929093,Home & Living,South
39,10212.326878036843,0.9294820162981823,13,63.80644606612429,Home & Living,East
55,20279.668443950148,2.4661354765842716,8,41.81712421369088,Home & Living,North
46,8007.526749031309,0.0,17,83.56218130546043,Groceries,West
26,6717.376393579104,0.0,16,80.37317990611463,Home & Living,East
61,5770.186541299778,9.706676725529244,18,91.96032223549282,Groceries,East
64,4785.511723276217,0.0,1,2.5258842268812005,Clothing,East
18,2806.1961099295363,0.0,1,5.573710681498277,Electronics,North
58,15384.846810812014,0.0,12,58.9303641140228,Home & Living,West
69,20438.009877502853,0.0,11,51.52914113617669,Groceries,East
56,6197.852024291044,7.804563739142788,7,34.97897643946331,Clothing,West
43,2087.750350351597,4.051558149539421,19,96.14451024993353,Sports & Fitness,West
28,4261.923761978807,0.0,2,11.596487457689264,Electronics,North
69,20012.835786450996,0.0,6,30.374997773236732,Sports & Fitness,East
52,8140.830966952599,0.0,18,89.0397640755595,Electronics,East
41,15268.331234916659,0.0,11,55.715350150042184,Home & Living,West
50,4404.27889688742,0.0,13,62.87724899180198,Groceries,South
37,11436.115941803977,5.6238978359358285,10,52.31758708993848,Electronics,South
44,5650.839289500427,3.315006605349197,18,86.89434627860463,Home & Living,East
32,14619.852470610123,0.0,4,19.878564964901567,Clothing,South
50,1721.988898152334,0.0,9,42.818951740044255,Home & Living,East
69,2897.767185934039,0.0,3,17.723898434623397,Sports & Fitness,West
24,15196.462464955242,0.0,11,56.0951724100565,Electronics,West
51,8908.586459081089,4.380259198798246,7,39.01114837918186,Groceries,South
62,1212.9688004930754,2.0422279195952537,1,6.20574682713871,Sports & Fitness,East
68,12763.498318559718,1.8086258884280535,5,24.3183168037828,Clothing,South
63,1420.4470480650948,0.8954370834591254,5,26.627069689250426,Home & Living,North
59,6799.184972451014,5.166175275471529,13,65.21492463765857,Electronics,East
22,25862.47589560037,0.0,1,4.89749613255811,Clothing,West
47,3300.7025645719887,4.7427203567180145,4,21.380829770506182,Groceries,East
45,22475.311494303125,2.5187431271505254,8,40.35619719633114,Sports & Fitness,North
35,14621.112377782478,0.1343168997458266,18,93.27284017740564,Electronics,West
53,7249.382197055165,0.0,12,59.39878337450486,Clothing,North
20,14109.485049066901,0.0,3,14.45903883799217,Groceries,West
38,15756.06357237502,0.0,13,62.6501492653223,Home & Living,North
63,18848.05677129056,0.9442873118942482,17,83.66714838363794,Groceries,North
33,1746.5841197996906,0.0,3,19.12529177285749,Sports & Fitness,North
54,11190.410816760475,5.401413104160034,13,63.607696565411565,Clothing,South
59,1808.2898934051057,0.0,10,53.246381931680574,Groceries,South
22,4110.19065683249,0.8446582250911072,4,22.35438586734064,Electronics,South
67,6181.542485340594,5.769024086396214,1,5.248088546650088,Sports & Fitness,West
68,7507.753827731863,2.3853825544348024,14,71.69947369282907,Electronics,South
31,7112.877142212512,0.0,6,27.09393240569731,Groceries,South
48,17463.475365397146,1.5895668223811499,19,95.90077241486112,Groceries,West
63,6331.133901694943,0.0,4,20.835088768940235,Sports & Fitness,North
41,14730.985536005612,8.14998761808743,11,54.19993907088336,Sports & Fitness,East
52,932.40183749317,0.0,13,63.88615502821913,Home & Living,South
53,7022.1598557372345,0.0,10,54.32653242742357,Groceries,East
27,4503.978819780828,3.970157754732662,17,85.99601634399782,Groceries,North
44,9357.300778325129,0.7436797621681177,7,32.60388587086659,Electronics,East
44,482.1270964664999,1.3693665675028486,13,64.11684798153757,Home & Living,North
40,17108.12596889876,9.823815838162052,16,84.08585440716794,Electronics,East
30,17596.676801472342,0.0,7,35.8522904425316,Groceries,West
33,20824.289782372045,7.184122272054098,18,92.31338384324421,Electronics,West
52,23872.86681524974,5.868528649008336,7,36.45787768218811,Clothing,East
44,4811.1886235981565,1.5605082202969678,6,30.20020574600609,Sports & Fitness,West
69,19990.865811541924,5.204015054227978,13,62.056276991590806,Electronics,North
56,21121.40273217365,0.0,3,10.95211525155486,Electronics,North
64,6344.601126130749,1.5108408423082613,1,4.888755115512147,Groceries,South
34,6559.878283728746,0.0,18,88.41760426906248,Home & Living,North
65,1670.2058804961898,0.0,11,55.80650453725043,Electronics,South
58,4839.029245565806,0.0,1,7.997568587833779,Clothing,South
18,9104.004855796185,2.8843537499029597,5,22.1651825526977,Groceries,North
28,3230.112036242424,0.0,9,48.705641543717384,Home & Living,West
29,8120.0670299458425,5.818427911066615,19,93.78162621662428,Electronics,East
31,7018.6407728713875,0.0,14,69.57421775486712,Sports & Fitness,West
25,11250.488191129327,0.09761494249465374,8,39.16253897020484,Sports & Fitness,South
48,5268.207427747638,0.0,9,46.47041925591372,Sports & Fitness,South
24,9301.664449633876,6.786485419478356,17,87.38274339417278,Groceries,South
63,6757.859686282415,0.0,11,54.02544569075859,Sports & Fitness,North
48,17763.8605948198,0.0,16,80.43358983447297,Home & Living,North
33,11000.553998335623,0.0,17,85.75618463218574,Groceries,East
59,1384.8247074236187,0.0,2,11.726089980134159,Clothing,West
56,9590.76764676684,1.5247794739615026,3,13.707718014711297,Clothing,West
61,1946.1788843124027,0.0,17,87.00789973969731,Sports & Fitness,South
36,10030.062339745667,1.4757695165707154,12,61.78713439902166,Groceries,East
25,8557.240345663293,2.743521761472403,16,77.85452458713011,Sports & Fitness,North
46,2538.6201878479606,0.0,16,80.51338854525093,Sports & Fitness,South
19,15874.171239174395,0.1521620764803695,6,35.740317092099346,Clothing,West
59,4113.704711626668,0.0,3,13.932551664195351,Clothing,North
20,14815.9259286041,1.9125296753034955,13,63.912205400662174,Groceries,West
68,2956.3806451909786,3.5483681690195477,13,60.951757051840254,Sports & Fitness,South
46,2360.6657932474523,0.0,15,77.43049372547166,Groceries,North
32,10811.03401221062,5.407477292955138,2,10.662074922424067,Home & Living,North
55,3393.864120711597,0.0,12,61.06234032392052,Home & Living,East
45,15683.419586845286,7.4458431170692085,15,76.94855120950338,Electronics,East
54,13047.733023341552,11.463847350474746,15,75.96392333862217,Clothing,North
49,351.66063928626784,16.595250807987163,12,61.15630096138827,Groceries,South
47,7577.624880601917,0.0,7,34.09950243788018,Sports & Fitness,East
68,10334.791927469383,0.0,3,16.871503394949432,Electronics,South
64,1554.345322127273,0.0,10,49.18678583814614,Home & Living,North
47,7311.309414711284,2.118601390732916,11,53.68928160527186,Sports & Fitness,West
68,7482.0965207760055,0.0,18,92.07712550334254,Electronics,East
51,844.2468286961134,0.0,7,39.32711207862667,Electronics,West
30,6936.0382141785285,3.620547346863281,7,35.179299963658096,Home & Living,North
50,5896.834292498482,0.0,12,59.0876447363505,Sports & Fitness,South
59,12877.286161958422,7.399527342056032,17,85.3422414970006,Sports & Fitness,East
34,6276.105101740228,1.2018651171765296,14,69.89387657224904,Electronics,East
20,9855.895100178648,0.0,15,71.61349118264667,Clothing,South
26,14783.847275861372,0.0,8,38.39167674018935,Clothing,North
69,1763.1601188516797,0.0,17,81.53088803276569,Clothing,South
28,2680.62081632058,2.2795545010447507,7,37.21083618291786,Electronics,North
66,3073.442725846444,0.0,9,42.49578944392568,Clothing,North
44,22149.023497822218,4.12551054532122,16,79.48540027385226,Home & Living,South
45,15692.742091154452,5.643018321873919,3,17.35132455810502,Electronics,North
19,2060.1457000927694,0.0,11,54.218814936825964,Clothing,East
18,627.3941977534452,0.0994160329830666,10,54.272559283164576,Groceries,East
23,6917.233086732173,0.0,11,54.76378120174192,Sports & Fitness,East
42,1048.206012268065,0.0,9,43.84261635125109,Electronics,East
52,3752.973290698975,5.033910504898672,11,54.04599510407243,Sports & Fitness,West
33,2166.0814094059638,0.0,11,57.37764386927506,Sports & Fitness,East
21,8524.682750076354,16.67489935935943,18,90.60724103705081,Clothing,East
64,5008.598232206248,2.5272896580652575,4,17.431085761574586,Groceries,East
55,5634.643959402446,5.4880006277383515,5,23.49175507008374,Clothing,East
61,11094.175136434751,2.64210412591669,5,22.33741770015915,Groceries,West
37,3136.826713992886,0.0,18,89.65321931599638,Groceries,North
42,1577.9199088893656,0.0,18,91.52084100164876,Sports & Fitness,East
24,7403.299372903634,0.0,16,78.63001308577529,Sports & Fitness,East
38,8700.550874416687,2.660299628244594,9,46.22968582446201,Groceries,North
24,15576.013451978612,0.0,2,8.802158900372609,Groceries,North
46,14206.355050415841,4.944109221566481,16,86.93302287729875,Groceries,North
69,10075.75118999944,0.0,10,53.399049223868325,Sports & Fitness,North
24,3309.1795186642157,4.045761719143762,12,62.128441894157575,Home & Living,West
20,633.9132305553894,0.8621977489832178,17,84.31542331614376,Home & Living,West
46,3536.159725354466,0.0,16,81.03051390592185,Electronics,North
46,1082.2593030093897,0.3441147705957449,17,83.89539603588396,Home & Living,North
56,874.2590364442171,0.17479214867091786,17,84.71276098451831,Clothing,South
55,12062.41125165357,0.0,3,16.21991274670605,Sports & Fitness,West
23,361.7657557822987,0.0,9,45.34844593818779,Home & Living,South
63,4625.34235392316,2.2419276019504952,2,10.949971747816797,Groceries,North
27,12901.89302686501,0.0,17,84.84030146337773,Groceries,West
54,18747.14235917122,0.0,15,72.33562521668631,Clothing,West
31,2857.8127071464664,0.0,9,45.9031112101474,Electronics,West
39,18217.6401317746,4.605009038466254,2,14.837979266236259,Groceries,North
49,2662.8944890476323,6.618769244277524,15,76.58488142716001,Home & Living,East
35,2186.3690797698914,2.5055519247274347,14,72.59068646011367,Groceries,East
53,23634.232068481415,2.9543260496934347,1,8.11414570812234,Electronics,West
63,36.67099775093493,1.582145770694372,13,64.06142016993648,Clothing,West
69,3486.146532113535,5.4630395590502845,9,44.3792075623758,Electronics,West
26,7191.770883608446,0.0,1,6.611841889050764,Electronics,West
43,15776.90923110288,0.0,1,3.211452502624131,Sports & Fitness,North
39,4241.383538787201,0.0,11,59.14039369514846,Groceries,East
63,4741.23078800095,5.456008339615001,12,60.52999536162381,Groceries,West
55,9024.589484557473,2.224138038513005,5,25.808730391103353,Home & Living,East
40,13877.05522296329,0.0,19,97.73955122571098,Electronics,North
34,3540.2387202469827,0.0,18,85.15924344626502,Clothing,East
43,11244.925770636099,0.0,7,33.56696584798527,Groceries,South
64,688.1146369640575,4.02485628330842,19,93.04813495286697,Groceries,West
55,14433.271988136774,2.372136942817212,16,80.48085030884502,Clothing,South
19,1504.9504259762796,0.0,10,50.94603219896918,Sports & Fitness,East
23,4519.960751841581,0.0,8,40.9180225282402,Home & Living,South
24,12224.856256994513,0.0,3,14.214065236848423,Groceries,North
30,3810.023305396503,1.9040448933381435,1,5.988577189855535,Groceries,North
44,3525.9647702429847,2.0375707141234205,18,92.09647542183234,Home & Living,North
28,17047.764263990255,0.0,7,34.614294853362345,Home & Living,North
32,10124.564270943067,4.883384980216119,13,64.09206910351483,Groceries,South
26,8066.522738310065,0.0,15,77.6565376171501,Home & Living,West
25,532.0805835715855,0.0,15,76.74641050900811,Home & Living,North
63,7710.584744853852,4.592345384515157,8,42.300150928386856,Clothing,East
23,3116.139772529482,1.174470491604448,10,51.543334243492914,Home & Living,North
65,4718.403196213762,0.0,8,39.30590515256678,Clothing,South
60,8622.115918204838,0.0,14,69.27716085316402,Electronics,East
21,8398.454682899275,7.959584029220206,2,8.86857804419936,Home & Living,East
28,7357.974404484696,0.0,4,19.312983138674493,Clothing,East
68,467.9663994641037,0.0,3,19.487953693534102,Electronics,South
45,2848.961564830784,0.0,8,40.207024739985435,Home & Living,West
43,5179.903207403836,0.0,3,14.66264230811697,Home & Living,East
21,7137.618638566277,0.0,8,38.84280164508299,Sports & Fitness,West
32,7049.563213922636,5.010243271115664,4,22.187551186245148,Groceries,North
36,3460.8728275259564,2.9635309543210133,1,4.524628004126894,Sports & Fitness,North
23,11949.607771082998,11.585846692969316,5,22.936474195033377,Home & Living,West
22,77.15044280643951,1.9602561567863395,12,60.56154329987003,Sports & Fitness,South
35,8093.408147071975,0.0,16,75.03812547357344,Sports & Fitness,West
23,1232.4518847580907,4.870248237355132,10,50.42327630317432,Home & Living,South
48,14042.346223341254,3.3851614537376067,7,32.37279206779078,Groceries,North
42,12902.38563049954,0.0,6,30.329296452357234,Electronics,North
21,11378.344492565913,2.131548405637564,2,10.482135593911355,Home & Living,East
23,595.7574273195817,1.5302588028559612,6,27.682953361532228,Home & Living,North
58,8463.672773911607,3.2049287834902973,17,87.26468405073055,Clothing,North
54,16684.533437786118,6.750949902265962,13,65.24543322094036,Electronics,West
67,638.5163230129417,0.0,15,77.03586270148796,Home & Living,West
42,2970.1968725179618,0.0,9,43.989816949571086,Groceries,North
51,4324.264016637097,3.205081880906007,12,59.57906912012482,Electronics,East
36,5141.731076097653,0.3599611314766379,15,72.18483916965914,Clothing,East
51,7573.965335884608,5.082840183507678,3,15.79319093826165,Electronics,South
32,10186.943748760394,2.054889565532186,17,84.6698777858788,Clothing,East
67,3031.598682554304,1.719068069393969,12,60.81764275033827,Home & Living,North
25,15000.306443596553,0.0,5,23.544093196543436,Home & Living,South
61,1319.5435470635098,3.160646096359626,19,96.34415928746718,Electronics,North
64,8120.087571604303,0.6347246933658973,7,35.42532433754204,Groceries,North
66,4756.41882260417,2.4979026739549024,2,11.220442257081816,Sports & Fitness,West
51,4031.837671006072,0.0,5,25.9751583871499,Electronics,North
35,11710.454042223613,6.739340103890978,8,40.49496378194075,Sports & Fitness,North
47,3114.0745250657587,0.03869587147781872,8,35.3030012047795,Home & Living,South
30,571.0880040578012,0.0,17,85.97527449123862,Groceries,South
64,25664.850626950803,0.0,3,16.015005765201252,Electronics,East
50,18628.745707379087,4.155412766873891,13,63.865989649496626,Sports & Fitness,East
52,17023.665797990794,0.0,6,27.24123755789681,Electronics,West
69,4672.966300481789,7.963255909770862,13,66.75537592354945,Electronics,North
41,1964.1022985495595,0.0,14,68.40150679297656,Groceries,South
43,4009.2255478945062,0.7884089719803544,17,83.6494461796182,Sports & Fitness,West
64,2084.108024282347,3.406791544119071,7,34.08017589507348,Home & Living,South
68,16190.434845742404,0.09594393831152082,16,79.9980167065945,Home & Living,West
61,12578.72210355581,0.0,1,7.017303738904809,Home & Living,North
59,13161.530603045228,0.0,18,88.20325944110645,Clothing,North
64,4842.064684829748,7.975272821732126,5,28.11139204241189,Clothing,West
18,16828.397179974578,0.2833668119626793,14,70.90879178414421,Groceries,West
30,8479.707380759355,0.0784090726983433,1,1.5683335844055346,Sports & Fitness,East
27,7518.176545499139,0.2982296581963537,14,73.9153511913206,Sports & Fitness,North
36,15326.014974990861,3.6880201280012397,5,22.90542144991305,Clothing,South
22,5867.213498048068,3.0334428612566255,4,21.85663489075083,Clothing,East
25,15245.7415106982,0.0,4,18.181667679411362,Clothing,East
21,9022.775046013723,1.6318726164254418,3,15.310830867156298,Groceries,West
66,8332.340219475544,0.0,18,88.43606767433727,Electronics,South
30,5505.785549275993,0.0,13,67.51785488006128,Electronics,East
55,9592.27067079892,5.1827600950344435,4,19.843678805921822,Electronics,West
63,14413.026335542154,0.0,9,44.338315899127494,Sports & Fitness,West
66,19763.620067772285,3.970904962949206,2,10.166272470661978,Electronics,East
63,7130.654295519833,0.0,16,83.5252888206439,Groceries,South
36,3289.0945637650852,0.0,10,48.243531883610345,Clothing,East
69,7761.074874370346,4.777079635185477,9,42.333304267959925,Sports & Fitness,West
67,24175.115759107503,0.0,11,54.51705159399617,Electronics,East
25,5960.769759868133,0.6191332079536153,13,65.08220531147636,Clothing,South
44,8335.79630733696,0.0,13,65.62556453990148,Sports & Fitness,North
67,7550.4835670561515,1.6355187914223945,4,18.91239971302889,Home & Living,West
64,569.7486362702032,4.962292401769406,13,66.7635910791072,Groceries,South
47,1465.7415846569256,0.0,9,44.8532825751364,Groceries,East
21,493.75674812095167,0.0,10,49.505528817258096,Groceries,East
28,12796.132755371213,0.0,1,5.908608388501559,Groceries,South
38,235.4878222213173,0.9745641093073147,7,36.5220576121092,Groceries,West
60,4390.625687697382,0.0,9,44.583410307612866,Electronics,South
19,17540.859651717237,4.084267102308454,5,21.68454469668194,Electronics,South
38,16877.554078013174,0.0992335131485571,7,37.27543036283718,Home & Living,South
34,1563.8915254822055,0.0,13,62.75550650651694,Sports & Fitness,South
60,570.6841312248707,2.224689980012496,8,41.669549013563454,Electronics,East
68,8698.9359462549,2.3508998370506795,4,19.609986799277117,Groceries,South
46,9598.188302552588,0.0,11,57.51115044482661,Clothing,North
44,627.4092238922108,2.9032703763423773,18,90.0260521113074,Clothing,West
41,10726.09031094209,0.0,18,93.83535644215502,Sports & Fitness,South
66,14823.614483721038,0.0,18,89.2351632047043,Home & Living,North
20,14132.651677830268,0.0,15,74.13807469028411,Home & Living,East
56,9094.836962045603,2.627073294985447,10,48.85207803531912,Electronics,South
27,7916.341087267625,0.0,13,63.51244919848236,Home & Living,South
20,3599.9876177823435,0.0,13,65.93241580435868,Home & Living,North
62,12166.877805784548,7.166191602727538,5,24.038762731299403,Groceries,South
59,6763.578947662746,2.5169980688216436,9,43.86297813869209,Clothing,North
43,8197.202580393125,6.389222531363788,10,49.15939713616373,Electronics,North
54,7782.181921503906,2.7078346203634456,4,19.419820645943854,Home & Living,West
44,5893.4964345392755,6.00696733060414,2,8.058950906156618,Home & Living,South
22,4121.249011533524,0.0,7,34.76083985759451,Clothing,South
59,1585.5266937761473,4.012724423686998,14,71.22455252470759,Sports & Fitness,West
28,9781.150495063504,0.46779865018135935,13,64.25240943249291,Electronics,North
30,16602.149625096623,3.151467032735929,6,29.942496690563313,Home & Living,South
58,2248.0622172870644,0.0,1,2.5424780008627077,Electronics,North
51,4152.28810661507,7.104759508295473,8,39.357184372220125,Electronics,East
55,21985.49145635478,0.0,7,34.16204201742595,Sports & Fitness,West
57,11264.568224776967,9.979157233679054,7,36.565212623864674,Home & Living,West
50,7647.039691933269,8.453631428126071,8,39.96089483815088,Electronics,North
51,1600.8888082108485,0.0,19,93.57712197907601,Home & Living,East
44,8958.183975941314,2.0156438423056624,18,91.75818922188775,Home & Living,North
53,94.58719699332028,0.0,12,59.04719030135237,Groceries,East
43,359.3358109009114,3.337201986868505,18,91.07467633658158,Sports & Fitness,North
68,6207.178512225606,0.0,6,32.74466427391934,Electronics,East
42,6456.611400635684,0.0,19,93.00851092601123,Electronics,North
36,10482.543997073588,1.6890415912660242,18,87.8443706556398,Home & Living,East
38,3327.016581314396,1.844448572699389,10,53.23045856978355,Electronics,South
48,458.6785466018382,0.0,13,66.17105999097144,Groceries,East
46,13056.28036024575,0.0,18,90.39718729811996,Groceries,West
26,7927.085386987454,0.0,5,20.185668015604296,Clothing,West
36,1332.0531174367345,0.0,1,5.618014010540872,Electronics,East
43,1821.6697450771417,3.536523531771877,4,21.954617326614226,Electronics,East
42,7159.171319025279,0.0,13,63.454845975639884,Sports & Fitness,West
57,3365.8032727330647,2.7059399431359323,16,80.39870338581149,Home & Living,West
60,327.8779421948443,0.0,6,29.037632321637684,Sports & Fitness,North
46,6206.4554777192225,3.1196121543905586,8,39.2692063243067,Groceries,West
42,6738.224470653572,1.2977992785831658,15,73.43799733906464,Electronics,South
36,3214.048164157789,13.755197780556244,6,31.907152633976967,Electronics,South
21,79.09798229927264,0.0,18,89.84910711603492,Sports & Fitness,West
62,7926.115788983901,5.232658945295687,19,95.01433924766442,Sports & Fitness,North
37,7037.946494117924,0.0,19,96.94188092272694,Clothing,East
63,13168.606568349383,3.5862778744201504,18,92.5578509881863,Clothing,North
18,5504.2385925047665,1.6718088254039678,2,11.484937603202328,Clothing,East
28,1907.7923194484601,2.0429346336206895,11,57.169499832848835,Sports & Fitness,West
21,12656.877202720218,0.0,18,89.41051521358374,Home & Living,South
24,4439.963511594979,0.0,10,54.825884668822255,Sports & Fitness,West
45,27060.66258914481,1.8287767051258568,5,25.838475296226214,Groceries,South
53,1488.8490686646428,0.8746546696560703,9,42.29952631112197,Electronics,North
24,5478.6635456392205,0.5843026022425492,19,93.28530015461327,Home & Living,North
37,1708.7252815435777,0.0,6,30.64385158460857,Electronics,West
52,11668.928864354257,0.0,8,38.21402777093722,Home & Living,North
68,17396.423804304304,0.1925706090904098,2,10.30850744085508,Home & Living,North
68,4727.758122549336,8.120699285322871,18,88.39189323075709,Groceries,West
56,14535.544263604483,5.549481966669447,16,80.88898657331058,Groceries,East
38,19633.187763318434,7.46225512084363,8,41.12708741338507,Groceries,North
61,6067.593756056514,5.403826957872264,17,87.13634725260567,Electronics,East
18,2370.2576038390516,0.0,18,89.69268649153045,Groceries,North
54,6384.96217502701,4.48850324429286,7,35.26968943627004,Home & Living,East
63,14253.939408138047,0.0,9,42.69066018804904,Electronics,West
59,5232.026036308322,0.0,7,35.23523617421327,Home & Living,East
20,4803.800437104647,1.410090579825912,3,15.098245553116653,Clothing,North
51,2468.2976793976472,0.0,6,33.06026589982497,Electronics,North
30,469.25321362145024,10.05904683860603,5,24.61020714215335,Home & Living,West
33,9153.773796824382,0.0,3,18.031014125765267,Home & Living,West
51,13486.236061848636,0.6407274719531275,14,72.1557675718833,Electronics,South
41,4021.5672546913092,0.0,18,92.2923322228136,Clothing,North
30,18068.11103633824,7.138517577126083,7,38.05505962731905,Electronics,West
23,4533.246348516219,0.0,11,55.415885526165795,Groceries,North
56,4231.805430192445,0.4775320164579277,14,73.39621150555104,Groceries,East
19,3377.614846309938,0.0,16,83.53549955280683,Groceries,West
28,6476.301025749457,2.111656168583107,16,81.0836035265435,Sports & Fitness,East
24,1171.3145045681892,11.380334456810902,4,20.74980544157406,Clothing,North
24,4768.475506463891,0.0,16,75.13316837613954,Electronics,East
56,10511.7710882142,6.742362071518556,8,41.444565847232695,Sports & Fitness,West
56,14767.471128882173,0.0,9,42.696058423783825,Clothing,West
29,16850.92326672202,2.962153822841838,5,25.566657329695442,Home & Living,South
68,825.5399255645925,0.0,18,88.20809141785232,Electronics,East
39,8787.71461913667,0.8286493232807131,13,62.90575880014452,Groceries,West
68,2179.1889429003927,0.0,15,78.85829469608613,Clothing,East
68,13542.391903808093,6.886827898119686,10,50.98783244608621,Home & Living,West
69,14733.2440073781,0.0,5,23.57605520726729,Clothing,South
20,12865.226251053078,0.0,4,19.16808441197167,Home & Living,South
30,3305.7347400447366,3.021677035758571,19,97.56767815103446,Clothing,South
47,11584.315348728045,0.2877294457426083,15,75.40705991918033,Groceries,North
27,6348.355545193104,2.0969565757480004,8,38.698477757527655,Sports & Fitness,East
69,2039.3382450203035,7.985185860502771,5,20.698065772294818,Home & Living,West
26,26.983539105142654,4.085110197326018,9,47.18944810950724,Electronics,South
23,1358.0445163909676,0.0,17,83.78444009074734,Electronics,West
61,2379.085732727485,1.6376790922528346,8,42.99474536782668,Clothing,North
19,11173.838279702408,0.0,14,70.46096786644372,Sports & Fitness,South
61,18247.999583427318,2.9113861525035443,12,59.06933076885892,Home & Living,West
33,4546.464676422598,0.0,9,47.255644948779164,Sports & Fitness,South
30,17116.97825032854,3.914320459468664,16,82.23437983589639,Clothing,West
65,5596.360378125566,0.0,1,7.052154121603447,Home & Living,West
30,5115.6608539518975,10.893411606366687,1,9.663268385484365,Electronics,South
39,1093.4200928916482,0.4333942182971216,10,51.33111845911553,Electronics,South
36,10423.137799634877,0.0,12,59.91561822156666,Home & Living,North
43,3780.3200991954686,0.0,3,18.29453513410905,Home & Living,North
31,975.1556727011781,5.410392362925799,1,8.016328495936378,Home & Living,West
48,2121.9986469431096,0.0,8,38.68657462707518,Electronics,South
46,9910.940474223838,0.0,16,82.95635662736811,Home & Living,South
62,6604.0609314736585,0.0,6,27.099827335320967,Home & Living,South
59,3850.1858651536318,0.0,11,55.61663004345328,Sports & Fitness,East
39,5937.759930838014,11.43704685507994,14,73.88861114025116,Clothing,South
24,20405.005569449913,0.0,13,65.14038022988755,Sports & Fitness,South
54,18051.752218132504,4.484722562368909,4,21.7567405008806,Clothing,West
66,28890.39688707342,11.043513782785093,2,12.865717739939768,Clothing,West
58,24504.09881068495,0.0,3,13.448410699306347,Clothing,East
44,2136.37449637646,0.0,7,37.08117262538012,Electronics,West
48,21410.0969993617,5.030053064915574,18,91.52547666366978,Electronics,East
23,19115.99437503738,1.4399731656300765,14,69.01614346305062,Home & Living,South
33,3202.952883811142,4.7351727629555755,10,54.416781088824436,Sports & Fitness,East
55,22079.457178354714,3.393855481143568,10,50.07025972788018,Sports & Fitness,East
55,2213.9880048075556,4.768928152045359,6,30.341895352857012,Home & Living,East
67,7155.86107106021,6.106669478721839,15,75.1644580312462,Sports & Fitness,West
49,12093.58775329412,0.0,16,79.8111247210587,Home & Living,North
50,9474.559467022456,0.0,8,37.0758815825625,Groceries,East
66,10150.131229245557,0.8049068825545684,5,24.33428694869176,Sports & Fitness,North
34,7409.189302793981,0.0,4,18.038232718785224,Electronics,North
50,12800.019322242451,1.002619143186966,8,41.52799085137447,Groceries,North
28,16430.84180420687,6.255029081548387,10,47.18137576087733,Home & Living,North
30,7123.9565038534765,0.0,10,54.25709410240336,Electronics,West
47,8747.383383734295,2.681100508630311,8,41.27741261574378,Sports & Fitness,North
18,10278.900051141838,0.0,12,62.441600368584034,Clothing,East
47,13372.33834763287,1.909691934855826,7,37.13658917388865,Home & Living,East
44,17786.00953473203,0.0,14,69.91542213189108,Sports & Fitness,West
57,20174.63852474678,0.4461693686097221,3,13.709575701092149,Sports & Fitness,West
40,10356.683618476438,3.484715893396878,8,39.99689304601778,Home & Living,East
37,4418.245379140558,3.369026868813535,4,19.108577674489062,Home & Living,East
23,10295.776263826367,8.759766756093489,13,65.79601768179887,Home & Living,East
54,1215.0135832734668,0.0,1,5.080426367741745,Sports & Fitness,East
37,7843.581987747747,4.255633660875582,6,29.79566138631684,Groceries,North
54,5344.4556439642365,4.4497361402056175,1,6.507945050057055,Clothing,East
23,15110.394596741125,0.48048508005934676,4,17.53001866551005,Sports & Fitness,East
46,7334.320623228018,0.0,11,53.30571282517941,Home & Living,South
30,12401.252128835864,0.0,18,89.23796077438035,Groceries,North
44,6351.836433163147,0.0,17,84.75283966241449,Clothing,South
67,924.3937495489467,0.0,9,44.51048913909466,Groceries,South
37,3437.322380633444,0.0,19,93.31639362862866,Home & Living,North
30,2894.556440988564,2.407713439417107,16,78.15426444789956,Clothing,North
56,8309.2615692294,0.0,11,57.26634881770015,Groceries,North
25,13043.752539731642,0.0,6,28.928145948216407,Groceries,North
34,22957.93046109321,4.81024118197073,14,70.13611377101795,Groceries,South
47,7708.969540898175,2.139706587245011,4,19.170197441057457,Clothing,South
18,14811.838510238029,0.0,5,24.863323810258763,Home & Living,North
41,5135.94223926473,10.972328371606094,4,18.776199735950797,Clothing,South
33,21253.555729726853,0.9399032144498116,4,23.11454533057176,Groceries,West
28,18271.29956948425,7.852337776946368,8,40.570850487040154,Groceries,East
21,13340.902949224253,0.0,11,56.8662292425786,Home & Living,West
21,4904.924148120143,0.0,9,43.21162829892445,Electronics,North
34,23008.889993933815,7.605901654365541,9,45.67113228966244,Home & Living,West
66,4720.446438042636,0.0,18,88.12855252998521,Clothing,East
27,7885.4300762515795,15.63672906860008,18,90.67922492761983,Groceries,East
38,5998.328281286911,0.0,6,27.801588249080957,Sports & Fitness,West
55,14987.109184589086,0.0,17,83.09668872616317,Groceries,West
66,2008.213687749675,0.0,4,20.75605094698767,Electronics,East
35,7849.1288052295695,0.0,19,96.99200228167082,Electronics,East
27,5051.948752699838,1.2306644206015784,4,17.778547855070777,Home & Living,East
62,1468.5488907940678,0.0,17,85.60476561935569,Sports & Fitness,North
33,8703.03832478617,0.0,1,7.242989404026028,Clothing,East
56,918.7701654432044,9.853044322696318,16,79.00588922964451,Home & Living,North
32,11891.890459157314,0.0,3,15.11654007728276,Groceries,West
51,6640.543580879191,7.4556044924637925,12,60.73690744207876,Sports & Fitness,West
22,3011.7926187218127,0.0,19,94.72378512193167,Groceries,South
34,794.0602839330636,0.0,1,3.483632919603707,Sports & Fitness,South
54,9363.647694253965,0.0,14,71.34020604125375,Sports & Fitness,East
25,4482.047230341224,0.0,9,43.9302703162007,Sports & Fitness,West
41,2616.5441602268365,0.0,2,3.7660926240906,Clothing,South
45,10239.622208823388,0.0,16,81.11819134966484,Sports & Fitness,West
64,14726.899929095081,0.0,7,34.292617978530586,Home & Living,North
25,12505.534882816537,7.172629397251633,7,35.95967010504545,Electronics,North
40,988.4605791890024,4.067590681471492,13,65.82009911097113,Sports & Fitness,West
52,2712.8100654341915,1.2083838193915808,19,93.5847610777967,Clothing,East
48,9568.629056297308,0.0,19,93.23251819197966,Groceries,South
34,25309.078257857804,11.238918026770545,18,91.71124369564956,Sports & Fitness,East
45,3666.4321559283608,1.2558294491149622,6,27.560817277447597,Electronics,South
65,5705.983220339447,0.0,15,72.28477762853464,Clothing,West
65,6681.916976885826,0.0,3,14.527892450720731,Clothing,West
68,1055.8649900967116,0.0,2,10.928362041049247,Groceries,East
29,3997.048534674754,0.0,7,34.0784687289127,Sports & Fitness,South
41,3447.779857623471,0.0,19,99.25183993431968,Home & Living,North
32,854.0012949846107,0.0,10,51.06004038206622,Sports & Fitness,East
57,6094.6098153501825,0.0,6,26.550415035274504,Clothing,East
48,3523.552549068564,0.0,18,86.18954240820854,Sports & Fitness,South
44,1327.3119120484416,3.2937765749765258,5,25.187910986139013,Home & Living,East
52,16569.608360704857,4.894364063607883,2,10.328367522571815,Home & Living,South
35,1092.4974865553538,0.0,5,24.833271968744274,Clothing,East
53,8989.744963838612,0.8033502883681375,8,41.72919092161893,Electronics,East
25,4296.536804964017,0.0,5,29.11452988722752,Clothing,West
63,4457.702495146119,0.0,16,79.31862061676645,Home & Living,East
66,5341.663277403632,0.0,3,15.04363589762768,Home & Living,West
55,1193.0219559242232,0.0,13,64.3515199432703,Sports & Fitness,West
22,2088.463527601262,2.069960730942044,6,29.797550941512828,Groceries,South
31,14509.389373140295,0.0,4,21.90788816846235,Home & Living,North
55,7639.470866256702,3.4810187023537114,10,47.95014553748818,Electronics,West
37,10969.358239647365,4.441613561918071,18,85.95554086140837,Clothing,South
61,3308.0577998533035,0.0,18,90.64437207124045,Home & Living,North
26,895.642624217149,0.0,12,62.08014168808147,Sports & Fitness,West
50,9503.850287138674,6.92812387579514,3,17.399514851713356,Sports & Fitness,East
35,43.680147471107944,12.098412676163562,12,63.14499639497821,Groceries,South
23,7855.712350681457,1.3800994245741947,12,61.446222027001724,Clothing,South
54,17397.63839104232,0.0,2,13.366779335172135,Home & Living,South
19,15805.922733323168,0.0,18,91.75162818741892,Groceries,West
47,15427.93227183379,3.277141431457798,2,10.198029983134042,Electronics,North
23,5012.295871572919,1.3224342778530889,2,13.493262836905046,Home & Living,North
34,5884.353477865375,5.043752913272883,8,36.95692196420643,Groceries,East
